case,B_T,fR_kHz,gate_time_us,ground_logical_Favg,excited_logical_Favg,worst_branch_logical_Favg,branch_to_branch_Favg,ground_nfev,excited_nfev,worst_branch_Favg
1p35_sourcebacked,1.35,5.0,49.99999999999999,0.989721577460078,0.9880426965788744,0.9880426965788744,0.9712178113562208,120626,120626,0.9880426965788744
1p35_sourcebacked,1.35,5.25,47.61904761904761,0.9874655120224602,0.9876430914625066,0.9874655120224602,0.9719895057974934,114878,114878,0.9874655120224602
1p35_sourcebacked,1.35,5.5,45.45454545454546,0.9869400718326832,0.9849839839183236,0.9849839839183236,0.9641146043580038,109658,109658,0.9849839839183236
1p35_sourcebacked,1.35,5.75,43.47826086956522,0.988618583178297,0.9864291638720032,0.9864291638720032,0.967316544916883,104894,104894,0.9864291638720032
1p35_sourcebacked,1.35,6.0,41.66666666666666,0.9847635513600284,0.9851536357858924,0.9847635513600284,0.9691063863864824,100526,100526,0.9847635513600284
1p35_sourcebacked,1.35,6.25,40.0,0.9792103591739172,0.9786647646042934,0.9786647646042934,0.9516432624387956,96506,96506,0.9786647646042934
1p35_sourcebacked,1.35,6.5,38.46153846153846,0.9796115168260208,0.97620430242996,0.97620430242996,0.941365637420753,92786,92786,0.97620430242996
1p35_sourcebacked,1.35,6.75,37.03703703703704,0.9851542415078622,0.9820936595537442,0.9820936595537442,0.9565727684616836,89354,89354,0.9820936595537442
1p35_sourcebacked,1.35,7.0,35.714285714285715,0.9840525328178634,0.9829237547703168,0.9829237547703168,0.9634460353951828,86162,86162,0.9829237547703168
1p35_sourcebacked,1.35,7.25,34.48275862068965,0.975396586593296,0.9761239266994374,0.975396586593296,0.9534037310440788,83198,83198,0.975396586593296
1p35_sourcebacked,1.35,7.5,33.333333333333336,0.965515606082892,0.9635653908135268,0.9635653908135268,0.9201314060411802,80414,80414,0.9635653908135268
1p35_sourcebacked,1.35,7.75,32.25806451612903,0.9626730611967014,0.9603922833824288,0.9603922833824288,0.8986875175553511,77822,77822,0.9603922833824288
1p35_sourcebacked,1.35,8.0,31.25,0.9708635898737386,0.967389569073774,0.967389569073774,0.9143838571738286,75398,75398,0.967389569073774
1p35_sourcebacked,1.35,8.25,30.3030303030303,0.9777473951921998,0.9750089932961686,0.9750089932961686,0.9346651134641284,73106,73106,0.9750089932961686
1p35_sourcebacked,1.35,8.5,29.41176470588235,0.978765352677684,0.9767525120889108,0.9767525120889108,0.9491248726157532,70958,70958,0.9767525120889108
1p35_sourcebacked,1.35,8.75,28.57142857142857,0.9690062595997502,0.9671666797996332,0.9671666797996332,0.9444444462912284,68930,68930,0.9671666797996332
1p35_sourcebacked,1.35,9.0,27.777777777777786,0.9501370979332996,0.9480564481698242,0.9480564481698242,0.9137878925032108,67022,67022,0.9480564481698242
1p35_sourcebacked,1.35,9.25,27.027027027027028,0.9408617971796436,0.93750046370684,0.93750046370684,0.8784641226952803,65210,65210,0.93750046370684
1p35_sourcebacked,1.35,9.5,26.31578947368421,0.9367497165574916,0.9328997633422484,0.9328997633422484,0.8534188002225633,63494,63494,0.9328997633422484
1p35_sourcebacked,1.35,9.75,25.64102564102564,0.9342078929786256,0.932481483695049,0.932481483695049,0.8372110980420037,61862,61862,0.932481483695049
1p35_sourcebacked,1.35,10.0,25.0,0.9416489418440684,0.9414267763511174,0.9414267763511174,0.8505594632179984,60314,60314,0.9414267763511174
1p35_sourcebacked,1.35,10.25,24.39024390243902,0.9504414443885492,0.9520298323528914,0.9504414443885492,0.871908891223682,58850,58850,0.9504414443885492
1p35_sourcebacked,1.35,10.5,23.809523809523807,0.9567869899146868,0.9595483444484656,0.9567869899146868,0.8876648483742688,57446,57446,0.9567869899146868
1p35_sourcebacked,1.35,10.75,23.25581395348837,0.9570364580006712,0.9586702702273452,0.9570364580006712,0.8951265411488646,56114,56114,0.9570364580006712
1p35_sourcebacked,1.35,11.0,22.72727272727273,0.9572309186225252,0.9530518850191396,0.9530518850191396,0.8990729019394573,54830,54830,0.9530518850191396
1p35_sourcebacked,1.35,11.25,22.22222222222222,0.9442129236585984,0.9390923141060478,0.9390923141060478,0.8986068324794805,53618,53618,0.9390923141060478
1p35_sourcebacked,1.35,11.5,21.73913043478261,0.9225310192397164,0.9176539087738892,0.9176539087738892,0.875433180649055,52454,52454,0.9176539087738892
1p35_sourcebacked,1.35,11.75,21.27659574468085,0.9146294913272232,0.906740614461331,0.906740614461331,0.8544370329426275,51338,51338,0.906740614461331
1p35_sourcebacked,1.35,12.0,20.83333333333333,0.8888939617524348,0.8827161077718938,0.8827161077718938,0.810391625644045,50270,50270,0.8827161077718938
1p35_sourcebacked,1.35,12.25,20.40816326530612,0.8789102661715077,0.8724262455136106,0.8724262455136106,0.7780575372709291,49238,49238,0.8724262455136106
1p35_sourcebacked,1.35,12.5,20.0,0.8759639194266788,0.8673017703090034,0.8673017703090034,0.7563658869484791,48254,48254,0.8673017703090034
1p35_sourcebacked,1.35,12.75,19.607843137254903,0.8599504862525561,0.857602129814948,0.857602129814948,0.7193926630480809,47306,47306,0.857602129814948
1p35_sourcebacked,1.35,13.0,19.23076923076923,0.8600561049149066,0.8577747078934972,0.8577747078934972,0.7089638111859986,46394,46394,0.8577747078934972
1p35_sourcebacked,1.35,13.25,18.867924528301888,0.8608502436325197,0.8602803732687142,0.8602803732687142,0.7081847946085059,45530,45530,0.8602803732687142
1p35_sourcebacked,1.35,13.5,18.51851851851852,0.8636891012887639,0.8637237533872663,0.8636891012887639,0.7082882656355223,44678,44678,0.8636891012887639
1p35_sourcebacked,1.35,13.75,18.181818181818183,0.8657723086109219,0.8654166807069446,0.8654166807069446,0.707484066656687,43874,43874,0.8654166807069446
1p35_sourcebacked,1.35,14.0,17.857142857142858,0.8716624669766675,0.8740879676620632,0.8716624669766675,0.7245992114049957,43082,43082,0.8716624669766675
1p35_sourcebacked,1.35,14.25,17.543859649122805,0.8744049545089739,0.8802393971035123,0.8744049545089739,0.7355203386673722,42326,42326,0.8744049545089739
1p35_sourcebacked,1.35,14.5,17.241379310344826,0.8746627795475392,0.88073662963072,0.8746627795475392,0.735008678990299,41606,41606,0.8746627795475392
1p35_sourcebacked,1.35,14.75,16.949152542372882,0.874377757699555,0.8774260689988608,0.874377757699555,0.7276498390006032,40898,40898,0.874377757699555
1p35_sourcebacked,1.35,15.0,16.666666666666668,0.8729263950117261,0.8712233399938767,0.8712233399938767,0.7199734768430944,40214,40214,0.8712233399938767
1p35_sourcebacked,1.35,15.25,16.393442622950822,0.8675994009964598,0.862043071704461,0.862043071704461,0.718509172094664,39554,39554,0.862043071704461
1p35_sourcebacked,1.35,15.5,16.129032258064516,0.8577716214180103,0.8505115991605713,0.8505115991605713,0.721091215000782,38918,38918,0.8505115991605713
1p35_sourcebacked,1.35,15.75,15.873015873015872,0.8421693699763809,0.8330639295438897,0.8330639295438897,0.7220621244865133,38294,38294,0.8330639295438897
1p35_sourcebacked,1.35,16.0,15.624999999999998,0.8225226738016157,0.8163670843125326,0.8163670843125326,0.7073073984869666,37706,37706,0.8163670843125326
1p35_sourcebacked,1.35,16.25,15.384615384615383,0.797330493034829,0.7897100465018965,0.7897100465018965,0.6927277416618999,37118,37118,0.7897100465018965
1p35_sourcebacked,1.35,16.5,15.15151515151515,0.8100463393106334,0.7830939422891244,0.7830939422891244,0.6859542328616807,36554,36554,0.7830939422891244
1p35_sourcebacked,1.35,16.75,14.925373134328357,0.7802489649889627,0.7579150483433598,0.7579150483433598,0.6634631045001425,36014,36014,0.7579150483433598
1p35_sourcebacked,1.35,17.0,14.705882352941176,0.7512403272541951,0.7310267134255253,0.7310267134255253,0.6383050157643172,35486,35486,0.7310267134255253
1p35_sourcebacked,1.35,17.25,14.492753623188406,0.7219265654768343,0.7034134976005586,0.7034134976005586,0.6026681669050007,34970,34970,0.7034134976005586
1p35_sourcebacked,1.35,17.5,14.285714285714285,0.7246485202453017,0.6966598148216271,0.6966598148216271,0.5848419639951821,34466,34466,0.6966598148216271
1p35_sourcebacked,1.35,17.75,14.084507042253522,0.6894805662160977,0.6656677504100341,0.6656677504100341,0.5435241763700822,33986,33986,0.6656677504100341
1p35_sourcebacked,1.35,18.0,13.888888888888893,0.664505020024014,0.6463243489463539,0.6463243489463539,0.5068758188906544,33518,33518,0.6463243489463539
1p35_sourcebacked,1.35,18.25,13.698630136986305,0.6626372531398321,0.6396964672113845,0.6396964672113845,0.4899226341684248,33050,33050,0.6396964672113845
1p35_sourcebacked,1.35,18.5,13.513513513513514,0.6322949146790194,0.6159050547832505,0.6159050547832505,0.446537568697499,32606,32606,0.6159050547832505
1p35_sourcebacked,1.35,18.75,13.333333333333334,0.6377063301386807,0.6037005198043722,0.6037005198043722,0.4247135694895831,32174,32174,0.6037005198043722
1p35_sourcebacked,1.35,19.0,13.157894736842106,0.6020055675475251,0.5851604836560611,0.5851604836560611,0.3863945104642901,31754,31754,0.5851604836560611
1p35_sourcebacked,1.35,19.25,12.987012987012989,0.5861669664519349,0.5769228969934507,0.5769228969934507,0.3643418071792605,31334,31334,0.5769228969934507
1p35_sourcebacked,1.35,19.5,12.82051282051282,0.5766597074297617,0.5663141518029915,0.5663141518029915,0.3469992862842002,30938,30938,0.5663141518029915
1p35_sourcebacked,1.35,19.75,12.658227848101266,0.5485775504246022,0.5529286277470294,0.5485775504246022,0.3187509436092532,30542,30542,0.5485775504246022
1p35_sourcebacked,1.35,20.0,12.499999999999998,0.5496004061909429,0.5458030017245026,0.5458030017245026,0.3091087372984542,30170,30170,0.5458030017245026
1p35_sourcebacked,1.35,20.25,12.34567901234568,0.5213100583703878,0.5344182260947049,0.5213100583703878,0.288482589006021,29786,29786,0.5213100583703878
1p35_sourcebacked,1.35,20.5,12.19512195121951,0.5220138008177065,0.5264895807108281,0.5220138008177065,0.278758679191843,29426,29426,0.5220138008177065
1p35_sourcebacked,1.35,20.75,12.048192771084338,0.4935697899857458,0.5164256292679303,0.4935697899857458,0.2655004430914436,29078,29078,0.4935697899857458
1p35_sourcebacked,1.35,21.0,11.904761904761903,0.4935300589235337,0.5078988905463779,0.4935300589235337,0.2553931943906892,28730,28730,0.4935300589235337
1p35_sourcebacked,1.35,21.25,11.764705882352938,0.4688235089841033,0.4998051422501657,0.4688235089841033,0.2509326030777881,28394,28394,0.4688235089841033
1p35_sourcebacked,1.35,21.5,11.627906976744187,0.4648044884038652,0.4888857075271932,0.4648044884038652,0.2373282067178815,28058,28058,0.4648044884038652
1p35_sourcebacked,1.35,21.75,11.49425287356322,0.4594130533177826,0.479544453136528,0.4594130533177826,0.243285752727182,27734,27734,0.4594130533177826
1p35_sourcebacked,1.35,22.0,11.363636363636363,0.4337055827469702,0.467274414111744,0.4337055827469702,0.222647448680193,27422,27422,0.4337055827469702
1p35_sourcebacked,1.35,22.25,11.235955056179776,0.4285710089587628,0.4537673808808399,0.4285710089587628,0.2159553307299508,27110,27110,0.4285710089587628
1p35_sourcebacked,1.35,22.5,11.11111111111111,0.4011748754935082,0.4466642664870251,0.4011748754935082,0.2204779097229265,26810,26810,0.4011748754935082
1p35_sourcebacked,1.35,22.75,10.989010989010987,0.4012803612802234,0.4355869386281474,0.4012803612802234,0.2097902834153983,26522,26522,0.4012803612802234
1p35_sourcebacked,1.35,23.0,10.869565217391305,0.3798365041695968,0.4254761657981094,0.3798365041695968,0.2173930875521227,26234,26234,0.3798365041695968
lowfield_sourcebacked,1.0291999999999986,5.0,49.99999999999999,0.9998420326644298,0.9996472402902564,0.9996472402902564,0.999474137901706,134486,134486,0.9996472402902564
lowfield_sourcebacked,1.0291999999999986,5.25,47.61904761904761,0.9997200144707324,0.9995083959469117,0.9995083959469117,0.9991869711363665,128078,128078,0.9995083959469117
lowfield_sourcebacked,1.0291999999999986,5.5,45.45454545454546,0.999670281263406,0.9995434015251496,0.9995434015251496,0.999136050372624,122258,122258,0.9995434015251496
lowfield_sourcebacked,1.0291999999999986,5.75,43.47826086956522,0.9997163279328464,0.9994891355504846,0.9994891355504846,0.9990005661296216,116942,116942,0.9994891355504846
lowfield_sourcebacked,1.0291999999999986,6.0,41.66666666666666,0.9996833829175172,0.9994583501894234,0.9994583501894234,0.998974824332028,112070,112070,0.9994583501894234
lowfield_sourcebacked,1.0291999999999986,6.25,40.0,0.9995542019591483,0.9993219858187756,0.9993219858187756,0.998858964439115,107594,107594,0.9993219858187756
lowfield_sourcebacked,1.0291999999999986,6.5,38.46153846153846,0.9995998937585396,0.9993729823223306,0.9993729823223306,0.9987240963762472,103454,103454,0.9993729823223306
lowfield_sourcebacked,1.0291999999999986,6.75,37.03703703703704,0.9993597602708496,0.9994333552571294,0.9993597602708496,0.9986995253804258,99626,99626,0.9993597602708496
lowfield_sourcebacked,1.0291999999999986,7.0,35.714285714285715,0.999524015673495,0.9991765962112472,0.9991765962112472,0.9986759338268432,96062,96062,0.9991765962112472
lowfield_sourcebacked,1.0291999999999986,7.25,34.48275862068965,0.999492293232993,0.9990898161574432,0.9990898161574432,0.9984014391533512,92750,92750,0.9990898161574432
lowfield_sourcebacked,1.0291999999999986,7.5,33.333333333333336,0.9994027967697624,0.9990352361421048,0.9990352361421048,0.998425472042488,89666,89666,0.9990352361421048
lowfield_sourcebacked,1.0291999999999986,7.75,32.25806451612903,0.9993097305957476,0.9989011016014816,0.9989011016014816,0.9976686856091248,86774,86774,0.9989011016014816
lowfield_sourcebacked,1.0291999999999986,8.0,31.25,0.9994236628610336,0.9989347510536952,0.9989347510536952,0.9979505712325693,84062,84062,0.9989347510536952
lowfield_sourcebacked,1.0291999999999986,8.25,30.3030303030303,0.9992545057409574,0.9991155289736168,0.9991155289736168,0.998066423631827,81506,81506,0.9991155289736168
lowfield_sourcebacked,1.0291999999999986,8.5,29.41176470588235,0.9991911189565058,0.9986016840383448,0.9986016840383448,0.9970803180180264,79118,79118,0.9986016840383448
lowfield_sourcebacked,1.0291999999999986,8.75,28.57142857142857,0.9989914089659416,0.9988534872449972,0.9988534872449972,0.9978742689393676,76850,76850,0.9988534872449972
lowfield_sourcebacked,1.0291999999999986,9.0,27.777777777777786,0.9991052480129926,0.9991090877509152,0.9991052480129926,0.9979570382810872,74714,74714,0.9991052480129926
lowfield_sourcebacked,1.0291999999999986,9.25,27.027027027027028,0.999339419659221,0.998660767884007,0.998660767884007,0.9979052670015578,72698,72698,0.998660767884007
lowfield_sourcebacked,1.0291999999999986,9.5,26.31578947368421,0.9991573183693266,0.9981324673866152,0.9981324673866152,0.9972569773640506,70790,70790,0.9981324673866152
lowfield_sourcebacked,1.0291999999999986,9.75,25.64102564102564,0.9990028271948602,0.9978489816521326,0.9978489816521326,0.9966336813778452,68966,68966,0.9978489816521326
lowfield_sourcebacked,1.0291999999999986,10.0,25.0,0.999091178163002,0.9976265726071096,0.9976265726071096,0.9968481782140772,67250,67250,0.9976265726071096
lowfield_sourcebacked,1.0291999999999986,10.25,24.39024390243902,0.9991107832567226,0.997697623733941,0.997697623733941,0.9968464661611488,65606,65606,0.997697623733941
lowfield_sourcebacked,1.0291999999999986,10.5,23.809523809523807,0.9988148068594326,0.9971587719484551,0.9971587719484551,0.9953240405719064,64046,64046,0.9971587719484551
lowfield_sourcebacked,1.0291999999999986,10.75,23.25581395348837,0.998881546830774,0.9976444645929514,0.9976444645929514,0.9954794849399164,62558,62558,0.9976444645929514
lowfield_sourcebacked,1.0291999999999986,11.0,22.72727272727273,0.9990179552081744,0.9976086111099708,0.9976086111099708,0.9963084644264392,61130,61130,0.9976086111099708
lowfield_sourcebacked,1.0291999999999986,11.25,22.22222222222222,0.9989052886853436,0.9981908451678544,0.9981908451678544,0.9963059061462668,59774,59774,0.9981908451678544
lowfield_sourcebacked,1.0291999999999986,11.5,21.73913043478261,0.9984944421951704,0.9981966298995588,0.9981966298995588,0.9955732059239636,58478,58478,0.9981966298995588
lowfield_sourcebacked,1.0291999999999986,11.75,21.27659574468085,0.9984471408540064,0.9976105929964448,0.9976105929964448,0.994784214309973,57230,57230,0.9976105929964448
lowfield_sourcebacked,1.0291999999999986,12.0,20.83333333333333,0.9982782707244446,0.9970113779402504,0.9970113779402504,0.993047750916307,56042,56042,0.9970113779402504
lowfield_sourcebacked,1.0291999999999986,12.25,20.40816326530612,0.9985264824405186,0.9976336942652986,0.9976336942652986,0.9953090547289104,54902,54902,0.9976336942652986
lowfield_sourcebacked,1.0291999999999986,12.5,20.0,0.9977039818380744,0.996963005919317,0.996963005919317,0.9926814938531427,53798,53798,0.996963005919317
lowfield_sourcebacked,1.0291999999999986,12.75,19.607843137254903,0.9975883508016484,0.996415405231756,0.996415405231756,0.9910542702022754,52742,52742,0.996415405231756
lowfield_sourcebacked,1.0291999999999986,13.0,19.23076923076923,0.998162200052017,0.9976502090847028,0.9976502090847028,0.9952025962225024,51734,51734,0.9976502090847028
lowfield_sourcebacked,1.0291999999999986,13.25,18.867924528301888,0.9977979680691776,0.9967214022458266,0.9967214022458266,0.9923039520300294,50750,50750,0.9967214022458266
lowfield_sourcebacked,1.0291999999999986,13.5,18.51851851851852,0.9974374688772152,0.9964346376294618,0.9964346376294618,0.9926006906527048,49814,49814,0.9964346376294618
lowfield_sourcebacked,1.0291999999999986,13.75,18.181818181818183,0.9971287633645476,0.9960535636618244,0.9960535636618244,0.9908703895325556,48914,48914,0.9960535636618244
lowfield_sourcebacked,1.0291999999999986,14.0,17.857142857142858,0.9972724099441392,0.996060737888892,0.996060737888892,0.991944799454771,48038,48038,0.996060737888892
lowfield_sourcebacked,1.0291999999999986,14.25,17.543859649122805,0.9974405063996288,0.9964477721610998,0.9964477721610998,0.9917167569636506,47198,47198,0.9964477721610998
lowfield_sourcebacked,1.0291999999999986,14.5,17.241379310344826,0.9969851337118104,0.9958026406155348,0.9958026406155348,0.9916281835864366,46382,46382,0.9958026406155348
lowfield_sourcebacked,1.0291999999999986,14.75,16.949152542372882,0.9969673128039318,0.99582564729742,0.99582564729742,0.990854753530084,45590,45590,0.99582564729742
lowfield_sourcebacked,1.0291999999999986,15.0,16.666666666666668,0.9963760438254164,0.995327552067828,0.995327552067828,0.9905058595554784,44834,44834,0.995327552067828
lowfield_sourcebacked,1.0291999999999986,15.25,16.393442622950822,0.9962733813748894,0.9954876727832964,0.9954876727832964,0.9897722062856124,44102,44102,0.9954876727832964
lowfield_sourcebacked,1.0291999999999986,15.5,16.129032258064516,0.9968295694878174,0.99611060850114,0.99611060850114,0.9921748035881398,43394,43394,0.99611060850114
lowfield_sourcebacked,1.0291999999999986,15.75,15.873015873015872,0.9961715241652316,0.995373069133239,0.995373069133239,0.9899889914034934,42698,42698,0.995373069133239
lowfield_sourcebacked,1.0291999999999986,16.0,15.624999999999998,0.9969209756819852,0.9966401389063494,0.9966401389063494,0.9939002720404304,42038,42038,0.9966401389063494
lowfield_sourcebacked,1.0291999999999986,16.25,15.384615384615383,0.9956522443539416,0.9946993068987536,0.9946993068987536,0.9892060544298024,41390,41390,0.9946993068987536
lowfield_sourcebacked,1.0291999999999986,16.5,15.15151515151515,0.9956520094854682,0.9947090136496124,0.9947090136496124,0.9894759299962969,40754,40754,0.9947090136496124
lowfield_sourcebacked,1.0291999999999986,16.75,14.925373134328357,0.9960959307064604,0.9953623136770402,0.9953623136770402,0.9912916155709234,40154,40154,0.9953623136770402
lowfield_sourcebacked,1.0291999999999986,17.0,14.705882352941176,0.9959713632132782,0.9952193067359146,0.9952193067359146,0.9904745575401732,39566,39566,0.9952193067359146
lowfield_sourcebacked,1.0291999999999986,17.25,14.492753623188406,0.9951228782293576,0.994423547273444,0.994423547273444,0.9890750298530332,38990,38990,0.994423547273444
lowfield_sourcebacked,1.0291999999999986,17.5,14.285714285714285,0.9943172207605432,0.9923450331955812,0.9923450331955812,0.987755471740934,38426,38426,0.9923450331955812
lowfield_sourcebacked,1.0291999999999986,17.75,14.084507042253522,0.9954769848334464,0.994574845836972,0.994574845836972,0.9890573310918828,37886,37886,0.994574845836972
lowfield_sourcebacked,1.0291999999999986,18.0,13.888888888888893,0.9944958277380624,0.9940106042620478,0.9940106042620478,0.9882430201105064,37358,37358,0.9940106042620478
lowfield_sourcebacked,1.0291999999999986,18.25,13.698630136986305,0.994714653748029,0.9927295276529142,0.9927295276529142,0.989140958173355,36854,36854,0.9927295276529142
lowfield_sourcebacked,1.0291999999999986,18.5,13.513513513513514,0.995154519199978,0.9942127943982454,0.9942127943982454,0.9880875746196724,36350,36350,0.9942127943982454
lowfield_sourcebacked,1.0291999999999986,18.75,13.333333333333334,0.9945406112863404,0.9940675383566636,0.9940675383566636,0.9890758917160304,35870,35870,0.9940675383566636
lowfield_sourcebacked,1.0291999999999986,19.0,13.157894736842106,0.9924372169777648,0.9918426513915276,0.9918426513915276,0.9830359728865732,35402,35402,0.9918426513915276
lowfield_sourcebacked,1.0291999999999986,19.25,12.987012987012989,0.994758757186782,0.9924459230530656,0.9924459230530656,0.9868048004026692,34934,34934,0.9924459230530656
lowfield_sourcebacked,1.0291999999999986,19.5,12.82051282051282,0.9952003516279267,0.9941044880864685,0.9941044880864685,0.9881022630048878,34490,34490,0.9941044880864685
lowfield_sourcebacked,1.0291999999999986,19.75,12.658227848101266,0.9927951480664527,0.9925114675417936,0.9925114675417936,0.9854711706315008,34058,34058,0.9925114675417936
lowfield_sourcebacked,1.0291999999999986,20.0,12.499999999999998,0.994396216140163,0.9920794690148256,0.9920794690148256,0.989003773722616,33626,33626,0.9920794690148256
lowfield_sourcebacked,1.0291999999999986,20.25,12.34567901234568,0.9946901473462496,0.9918495117935122,0.9918495117935122,0.9853070165082104,33218,33218,0.9918495117935122
lowfield_sourcebacked,1.0291999999999986,20.5,12.19512195121951,0.9946647252214278,0.993591895316602,0.993591895316602,0.9877096725034556,32810,32810,0.993591895316602
lowfield_sourcebacked,1.0291999999999986,20.75,12.048192771084338,0.9918652188415008,0.9917535372280908,0.9917535372280908,0.9834972782897792,32414,32414,0.9917535372280908
lowfield_sourcebacked,1.0291999999999986,21.0,11.904761904761903,0.9937350268393196,0.991630217836202,0.991630217836202,0.9876769421788552,32030,32030,0.991630217836202
lowfield_sourcebacked,1.0291999999999986,21.25,11.764705882352938,0.994151295708716,0.9904770372157482,0.9904770372157482,0.9838313629779856,31646,31646,0.9904770372157482
lowfield_sourcebacked,1.0291999999999986,21.5,11.627906976744187,0.9941304851883088,0.9930335354471485,0.9930335354471485,0.9852651230037444,31286,31286,0.9930335354471485
lowfield_sourcebacked,1.0291999999999986,21.75,11.49425287356322,0.9932299719590952,0.9936890087928204,0.9932299719590952,0.987417858993934,30926,30926,0.9932299719590952
lowfield_sourcebacked,1.0291999999999986,22.0,11.363636363636363,0.9900206020450738,0.9887160352965352,0.9887160352965352,0.9783427263222824,30566,30566,0.9887160352965352
lowfield_sourcebacked,1.0291999999999986,22.25,11.235955056179776,0.9931707597092362,0.9875661754037898,0.9875661754037898,0.9827351682651272,30230,30230,0.9875661754037898
lowfield_sourcebacked,1.0291999999999986,22.5,11.11111111111111,0.993896773934804,0.99094598044613,0.99094598044613,0.983045834463753,29894,29894,0.99094598044613
lowfield_sourcebacked,1.0291999999999986,22.75,10.989010989010987,0.9934419197998144,0.9921115819641214,0.9921115819641214,0.9848494156406864,29558,29558,0.9921115819641214
lowfield_sourcebacked,1.0291999999999986,23.0,10.869565217391305,0.9903765265689536,0.9903159379227704,0.9903159379227704,0.9792514974184108,29246,29246,0.9903159379227704
lowfield_spectral_limiting_case,1.0291999999999986,5.0,49.99999999999999,0.9997196614264732,0.9995939526802676,0.9995939526802676,0.9990656509788306,129578,129578,0.9995939526802676
lowfield_spectral_limiting_case,1.0291999999999986,5.25,47.61904761904761,0.999739777258722,0.9996345505535338,0.9996345505535338,0.9992704575746352,123410,123410,0.9996345505535338
lowfield_spectral_limiting_case,1.0291999999999986,5.5,45.45454545454546,0.9996798419516578,0.9995306976154176,0.9995306976154176,0.9991022933818504,117794,117794,0.9995306976154176
lowfield_spectral_limiting_case,1.0291999999999986,5.75,43.47826086956522,0.9995682475783504,0.9995087222070675,0.9995087222070675,0.99878859719141,112670,112670,0.9995087222070675
lowfield_spectral_limiting_case,1.0291999999999986,6.0,41.66666666666666,0.9996543706891944,0.999406969314005,0.999406969314005,0.998864266194986,107978,107978,0.999406969314005
lowfield_spectral_limiting_case,1.0291999999999986,6.25,40.0,0.9995893374396938,0.999493922113913,0.999493922113913,0.9988505437833956,103658,103658,0.999493922113913
lowfield_spectral_limiting_case,1.0291999999999986,6.5,38.46153846153846,0.9995495476288268,0.9992872479475704,0.9992872479475704,0.9988812034369806,99674,99674,0.9992872479475704
lowfield_spectral_limiting_case,1.0291999999999986,6.75,37.03703703703704,0.9995151968057232,0.9992976608287238,0.9992976608287238,0.9986683389946832,95978,95978,0.9992976608287238
lowfield_spectral_limiting_case,1.0291999999999986,7.0,35.714285714285715,0.9995013161494736,0.9992438001826696,0.9992438001826696,0.9985714895486124,92558,92558,0.9992438001826696
lowfield_spectral_limiting_case,1.0291999999999986,7.25,34.48275862068965,0.999656009242628,0.99929782212623,0.99929782212623,0.9987789720267712,89366,89366,0.99929782212623
lowfield_spectral_limiting_case,1.0291999999999986,7.5,33.333333333333336,0.999401785800758,0.9992488026269472,0.9992488026269472,0.9984881865535138,86390,86390,0.9992488026269472
lowfield_spectral_limiting_case,1.0291999999999986,7.75,32.25806451612903,0.9993799613771246,0.999116859311132,0.999116859311132,0.9980828783501224,83594,83594,0.999116859311132
lowfield_spectral_limiting_case,1.0291999999999986,8.0,31.25,0.9994760635981486,0.9987199798418688,0.9987199798418688,0.9978504224293044,80990,80990,0.9987199798418688
lowfield_spectral_limiting_case,1.0291999999999986,8.25,30.3030303030303,0.9994169341564246,0.9988838255972848,0.9988838255972848,0.9980496390678048,78530,78530,0.9988838255972848
lowfield_spectral_limiting_case,1.0291999999999986,8.5,29.41176470588235,0.9994021427987126,0.9988052000286898,0.9988052000286898,0.9982083520217456,76226,76226,0.9988052000286898
lowfield_spectral_limiting_case,1.0291999999999986,8.75,28.57142857142857,0.999243608445162,0.999031015932395,0.999031015932395,0.997690498298684,74042,74042,0.999031015932395
lowfield_spectral_limiting_case,1.0291999999999986,9.0,27.777777777777786,0.9994275598237956,0.9986428751975942,0.9986428751975942,0.9976017943756113,71990,71990,0.9986428751975942
lowfield_spectral_limiting_case,1.0291999999999986,9.25,27.027027027027028,0.999137797098261,0.9985162115330176,0.9985162115330176,0.9970506356212776,70046,70046,0.9985162115330176
lowfield_spectral_limiting_case,1.0291999999999986,9.5,26.31578947368421,0.9990131660862333,0.9985366589337854,0.9985366589337854,0.996528065362784,68198,68198,0.9985366589337854
lowfield_spectral_limiting_case,1.0291999999999986,9.75,25.64102564102564,0.9990973879221036,0.9986783251304427,0.9986783251304427,0.9975430737062916,66458,66458,0.9986783251304427
lowfield_spectral_limiting_case,1.0291999999999986,10.0,25.0,0.9990175793569523,0.9988992777942391,0.9988992777942391,0.997851458378865,64790,64790,0.9988992777942391
lowfield_spectral_limiting_case,1.0291999999999986,10.25,24.39024390243902,0.9989165201151712,0.9983899007994008,0.9983899007994008,0.9968408207809156,63206,63206,0.9983899007994008
lowfield_spectral_limiting_case,1.0291999999999986,10.5,23.809523809523807,0.9987662715235318,0.9983522883840134,0.9983522883840134,0.996949862782342,61706,61706,0.9983522883840134
lowfield_spectral_limiting_case,1.0291999999999986,10.75,23.25581395348837,0.9986172107556824,0.9982123129225916,0.9982123129225916,0.9963777216761264,60266,60266,0.9982123129225916
lowfield_spectral_limiting_case,1.0291999999999986,11.0,22.72727272727273,0.9985828206440656,0.9973502321650444,0.9973502321650444,0.9952770399730966,58898,58898,0.9973502321650444
lowfield_spectral_limiting_case,1.0291999999999986,11.25,22.22222222222222,0.9983898466433596,0.9981226991396022,0.9981226991396022,0.9960624485440506,57590,57590,0.9981226991396022
lowfield_spectral_limiting_case,1.0291999999999986,11.5,21.73913043478261,0.9986391388097634,0.9980170043714188,0.9980170043714188,0.9965563845942916,56342,56342,0.9980170043714188
lowfield_spectral_limiting_case,1.0291999999999986,11.75,21.27659574468085,0.9983998774956888,0.997890099140046,0.997890099140046,0.9956841127601652,55142,55142,0.997890099140046
lowfield_spectral_limiting_case,1.0291999999999986,12.0,20.83333333333333,0.9981958949731484,0.997291000837013,0.997291000837013,0.9952531842312884,53990,53990,0.997291000837013
lowfield_spectral_limiting_case,1.0291999999999986,12.25,20.40816326530612,0.9977326391575588,0.9977327055784218,0.9977326391575588,0.9941032066293592,52898,52898,0.9977326391575588
lowfield_spectral_limiting_case,1.0291999999999986,12.5,20.0,0.9983548536093309,0.9980096928735268,0.9980096928735268,0.9955266444611574,51830,51830,0.9980096928735268
lowfield_spectral_limiting_case,1.0291999999999986,12.75,19.607843137254903,0.9976402145689024,0.997102265465855,0.997102265465855,0.9942089373681822,50822,50822,0.997102265465855
lowfield_spectral_limiting_case,1.0291999999999986,13.0,19.23076923076923,0.9983557054986332,0.99681833295875,0.99681833295875,0.995090796341616,49838,49838,0.99681833295875
lowfield_spectral_limiting_case,1.0291999999999986,13.25,18.867924528301888,0.9974968671639056,0.9978984963406208,0.9974968671639056,0.99456274878804,48902,48902,0.9974968671639056
lowfield_spectral_limiting_case,1.0291999999999986,13.5,18.51851851851852,0.9980214435405488,0.996836209979919,0.996836209979919,0.9937922812248116,47990,47990,0.996836209979919
lowfield_spectral_limiting_case,1.0291999999999986,13.75,18.181818181818183,0.997178379432522,0.9976417156378696,0.997178379432522,0.9932900620984156,47126,47126,0.997178379432522
lowfield_spectral_limiting_case,1.0291999999999986,14.0,17.857142857142858,0.9978478875192696,0.996981264150651,0.996981264150651,0.99406103252318,46286,46286,0.996981264150651
lowfield_spectral_limiting_case,1.0291999999999986,14.25,17.543859649122805,0.9970676447839708,0.9973543088298938,0.9970676447839708,0.9934629501213964,45470,45470,0.9970676447839708
lowfield_spectral_limiting_case,1.0291999999999986,14.5,17.241379310344826,0.997675006325701,0.9966410548138116,0.9966410548138116,0.9949734434002894,44690,44690,0.9966410548138116
lowfield_spectral_limiting_case,1.0291999999999986,14.75,16.949152542372882,0.997268582646782,0.9967823507969664,0.9967823507969664,0.9926934132336968,43934,43934,0.9967823507969664
lowfield_spectral_limiting_case,1.0291999999999986,15.0,16.666666666666668,0.9972546253484532,0.9957154396594602,0.9957154396594602,0.9928309220203886,43202,43202,0.9957154396594602
lowfield_spectral_limiting_case,1.0291999999999986,15.25,16.393442622950822,0.996689308502628,0.9965124166269512,0.9965124166269512,0.9937032816975812,42494,42494,0.9965124166269512
lowfield_spectral_limiting_case,1.0291999999999986,15.5,16.129032258064516,0.9973104697989492,0.9957449071673994,0.9957449071673994,0.9926162330711328,41798,41798,0.9957449071673994
lowfield_spectral_limiting_case,1.0291999999999986,15.75,15.873015873015872,0.9965321705409584,0.9956699461434292,0.9956699461434292,0.990366956758252,41138,41138,0.9956699461434292
lowfield_spectral_limiting_case,1.0291999999999986,16.0,15.624999999999998,0.9970026632813822,0.9962708081790874,0.9962708081790874,0.993071036472984,40502,40502,0.9962708081790874
lowfield_spectral_limiting_case,1.0291999999999986,16.25,15.384615384615383,0.9966566645092484,0.9959616624750498,0.9959616624750498,0.9926298781908468,39878,39878,0.9959616624750498
lowfield_spectral_limiting_case,1.0291999999999986,16.5,15.15151515151515,0.997279571961448,0.9953459773698348,0.9953459773698348,0.991837724599092,39266,39266,0.9953459773698348
lowfield_spectral_limiting_case,1.0291999999999986,16.75,14.925373134328357,0.9958207221296688,0.995245311165683,0.995245311165683,0.9923070154354178,38690,38690,0.995245311165683
lowfield_spectral_limiting_case,1.0291999999999986,17.0,14.705882352941176,0.9967479804736278,0.9960357129062554,0.9960357129062554,0.9928038395071562,38114,38114,0.9960357129062554
lowfield_spectral_limiting_case,1.0291999999999986,17.25,14.492753623188406,0.996850445838132,0.995664753924012,0.995664753924012,0.991497485774619,37562,37562,0.995664753924012
lowfield_spectral_limiting_case,1.0291999999999986,17.5,14.285714285714285,0.9951055558846656,0.993947514834362,0.993947514834362,0.9884971826349026,37022,37022,0.993947514834362
lowfield_spectral_limiting_case,1.0291999999999986,17.75,14.084507042253522,0.996380394311209,0.9952841485775836,0.9952841485775836,0.9920931269728714,36506,36506,0.9952841485775836
lowfield_spectral_limiting_case,1.0291999999999986,18.0,13.888888888888893,0.995329435198094,0.994339379272356,0.994339379272356,0.9890434129006328,36002,36002,0.994339379272356
lowfield_spectral_limiting_case,1.0291999999999986,18.25,13.698630136986305,0.996197995303122,0.9948125238290456,0.9948125238290456,0.9887267049719062,35510,35510,0.9948125238290456
lowfield_spectral_limiting_case,1.0291999999999986,18.5,13.513513513513514,0.9964693230326084,0.9943112865098628,0.9943112865098628,0.9898187816764238,35030,35030,0.9943112865098628
lowfield_spectral_limiting_case,1.0291999999999986,18.75,13.333333333333334,0.9958652055621576,0.9951193658723332,0.9951193658723332,0.9915899545561078,34562,34562,0.9951193658723332
lowfield_spectral_limiting_case,1.0291999999999986,19.0,13.157894736842106,0.9954667101716878,0.994043398566475,0.994043398566475,0.990496648353489,34106,34106,0.994043398566475
lowfield_spectral_limiting_case,1.0291999999999986,19.25,12.987012987012989,0.9962515505346772,0.9942922446279155,0.9942922446279155,0.9888749407985102,33662,33662,0.9942922446279155
lowfield_spectral_limiting_case,1.0291999999999986,19.5,12.82051282051282,0.9954397581103456,0.994707878682758,0.994707878682758,0.987810365481687,33230,33230,0.994707878682758
lowfield_spectral_limiting_case,1.0291999999999986,19.75,12.658227848101266,0.9957136364270412,0.9940073933000768,0.9940073933000768,0.9909806627023872,32810,32810,0.9940073933000768
lowfield_spectral_limiting_case,1.0291999999999986,20.0,12.499999999999998,0.9948392829421382,0.992974984411341,0.992974984411341,0.9895030572696312,32402,32402,0.992974984411341
lowfield_spectral_limiting_case,1.0291999999999986,20.25,12.34567901234568,0.9957682458529632,0.9941571459434188,0.9941571459434188,0.9897072494243112,31994,31994,0.9941571459434188
lowfield_spectral_limiting_case,1.0291999999999986,20.5,12.19512195121951,0.994822332034897,0.9939452322762552,0.9939452322762552,0.9857116942723434,31610,31610,0.9939452322762552
lowfield_spectral_limiting_case,1.0291999999999986,20.75,12.048192771084338,0.9949429642026182,0.9932599392228596,0.9932599392228596,0.988417866784585,31226,31226,0.9932599392228596
lowfield_spectral_limiting_case,1.0291999999999986,21.0,11.904761904761903,0.9952433138666996,0.9928708671557928,0.9928708671557928,0.9873421556299532,30854,30854,0.9928708671557928
lowfield_spectral_limiting_case,1.0291999999999986,21.25,11.764705882352938,0.9953591489117164,0.9922047161825484,0.9922047161825484,0.985055565972868,30494,30494,0.9922047161825484
lowfield_spectral_limiting_case,1.0291999999999986,21.5,11.627906976744187,0.992714977727299,0.9903333105301706,0.9903333105301706,0.9816709526900292,30134,30134,0.9903333105301706
lowfield_spectral_limiting_case,1.0291999999999986,21.75,11.49425287356322,0.9939149527858456,0.9928527436870368,0.9928527436870368,0.9837895303693792,29798,29798,0.9928527436870368
lowfield_spectral_limiting_case,1.0291999999999986,22.0,11.363636363636363,0.9957160875570702,0.9933951786672224,0.9933951786672224,0.9880081770877306,29450,29450,0.9933951786672224
lowfield_spectral_limiting_case,1.0291999999999986,22.25,11.235955056179776,0.9958556717944658,0.9934629902679624,0.9934629902679624,0.988482758955938,29126,29126,0.9934629902679624
lowfield_spectral_limiting_case,1.0291999999999986,22.5,11.11111111111111,0.99484339595683,0.991867133245446,0.991867133245446,0.9852901112036206,28802,28802,0.991867133245446
lowfield_spectral_limiting_case,1.0291999999999986,22.75,10.989010989010987,0.9907214164992466,0.9892387280801788,0.9892387280801788,0.9859235481364363,28490,28490,0.9892387280801788
lowfield_spectral_limiting_case,1.0291999999999986,23.0,10.869565217391305,0.991982976042336,0.990923317987444,0.990923317987444,0.9806819586970684,28178,28178,0.990923317987444
