B_T,worst_MHz,p05_MHz,median_MHz,p95_MHz,best_MHz,limiting_index,limit_kappa_MHz,limit_gz,limit_Btip_T,limit_phi_deg,limit_Az_MHz,limit_Aperp_over_Az,limit_gperp_over_gz
0.95,0.7895425524652637,0.8074814184026081,1.1825292933112905,1.434655889050464,1.4348171562928655,69,-49.0292,0.54,0.0658,7.0,132.1,0.2,0.5
0.951,0.7945949481227217,0.8125170419702499,1.1873859289516986,1.4394538498829206,1.4396146453636902,69,-49.0292,0.54,0.0658,7.0,132.1,0.2,0.5
0.952,0.7996468554847525,0.817552208485995,1.1922424536683138,1.4442518087121698,1.4444121342680774,69,-49.0292,0.54,0.0658,7.0,132.1,0.2,0.5
0.953,0.8046982759556158,0.8225869192432356,1.1970988677699097,1.4490497655472154,1.449209623009665,69,-49.0292,0.54,0.0658,7.0,132.1,0.2,0.5
0.954,0.8097492109309314,0.8276211755663325,1.2019551715534362,1.4538477203907179,1.4540071115870887,69,-49.0292,0.54,0.0658,7.0,132.1,0.2,0.5
0.955,0.8147996617890385,0.832654978746541,1.206811365329031,1.458645673273918,1.4588046000003487,69,-49.0292,0.54,0.0658,7.0,132.1,0.2,0.5
0.956,0.8198496299232829,0.837688330092601,1.2116674494022845,1.4634436241740332,1.463602088253083,69,-49.0292,0.54,0.0658,7.0,132.1,0.2,0.5
0.957,0.8248991167270106,0.8427212308866728,1.2165234240803784,1.4682415731271248,1.468399576347565,69,-49.0292,0.54,0.0658,7.0,132.1,0.2,0.5
0.958,0.8299481235576422,0.8477536824332447,1.2213792896629911,1.4730395201321245,1.4731970642778833,69,-49.0292,0.54,0.0658,7.0,132.1,0.2,0.5
0.959,0.8349966517821485,0.852785686034963,1.2262350464579868,1.4778374651996955,1.4779945520476758,69,-49.0292,0.54,0.0658,7.0,132.1,0.2,0.5
0.96,0.8400447027765949,0.8578172429119377,1.2310906947561762,1.4826354083344768,1.4827920396587615,69,-49.0292,0.54,0.0658,7.0,132.1,0.2,0.5
0.961,0.8450922779047687,0.8628483543943275,1.2359462348777015,1.4874333495548853,1.4875895271129593,69,-49.0292,0.54,0.0658,7.0,132.1,0.2,0.5
0.962,0.8501393784877109,0.8678790217267988,1.2408016670824509,1.492231288867265,1.4923870144093598,69,-49.0292,0.54,0.0658,7.0,132.1,0.2,0.5
0.963,0.8551860059128558,0.8729092461939445,1.2457440627645155,1.4970292262792781,1.4971845015502367,69,-49.0292,0.54,0.0658,7.0,132.1,0.2,0.5
0.964,0.860232161508975,0.8779390290241281,1.2506888167501984,1.5018271617972005,1.5019819885346806,69,-49.0292,0.54,0.0658,7.0,132.1,0.2,0.5
0.965,0.8652778466066593,0.8829683714998282,1.2556332945807753,1.5066250954375164,1.506779475366784,69,-49.0292,0.54,0.0658,7.0,132.1,0.2,0.5
0.966,0.8703230625542346,0.8879972748636646,1.2605774970270431,1.5114230271990663,1.5115769620424544,69,-49.0292,0.54,0.0658,7.0,132.1,0.2,0.5
0.967,0.8753678106722873,0.893025740366238,1.2655214248645734,1.5162209570993581,1.5163744485657844,69,-49.0292,0.54,0.0658,7.0,132.1,0.2,0.5
0.968,0.8804120922800394,0.898053769221724,1.2704261108935953,1.5210188851434623,1.521171934931317,69,-49.0292,0.54,0.0658,7.0,132.1,0.2,0.5
0.969,0.8854559087035341,0.9030813627073713,1.2752811684888457,1.5258168113495458,1.5259694211481474,69,-49.0292,0.54,0.0658,7.0,132.1,0.2,0.5
0.97,0.8904992612488059,0.9081085220414252,1.2801662641877556,1.5306147357082864,1.5307669072117278,69,-49.0292,0.54,0.0658,7.0,132.1,0.2,0.5
0.971,0.8955421512359862,0.9131352484292847,1.2850960552138986,1.5354126582398067,1.5355643931261511,69,-49.0292,0.54,0.0658,7.0,132.1,0.2,0.5
0.972,0.9005845799547387,0.9181615431326918,1.289997984109732,1.5402105789581129,1.540361878891872,69,-49.0292,0.54,0.0658,7.0,132.1,0.2,0.5
0.973,0.9056265487179189,0.9231874073352401,1.2948573238179506,1.5450084978632959,1.5451593645052526,69,-49.0292,0.54,0.0658,7.0,132.1,0.2,0.5
0.974,0.9106680588056406,0.9282128422548339,1.299739999110443,1.5498064149631774,1.5499568499740235,69,-49.0292,0.54,0.0658,7.0,132.1,0.2,0.5
0.975,0.9157091115230287,0.933237849127454,1.3046585063507337,1.554604330271013,1.5547543352931825,69,-49.0292,0.54,0.0658,7.0,132.1,0.2,0.5
0.976,0.920749708142921,0.9382624291305092,1.309527752175427,1.559402243796285,1.5595518204654581,69,-49.0292,0.54,0.0658,7.0,132.1,0.2,0.5
0.977,0.9257898499472503,0.9432865834671247,1.314394925313536,1.558253412663157,1.5583697869606112,69,-49.0292,0.54,0.0658,7.0,132.1,0.2,0.5
0.978,0.9308295382052165,0.9483103133436316,1.3193218865335439,1.553456324202989,1.5535723696939385,69,-49.0292,0.54,0.0658,7.0,132.1,0.2,0.5
0.979,0.9358687741873837,0.9533336199446694,1.3242365478090505,1.5486592343943584,1.5487749523163075,69,-49.0292,0.54,0.0658,7.0,132.1,0.2,0.5
0.98,0.9409075591729561,0.9583565044501711,1.329111838951576,1.5438621432436321,1.543977534829537,69,-49.0292,0.54,0.0658,7.0,132.1,0.2,0.5
0.981,0.945945894412489,0.9633789680586006,1.333985106349246,1.5390650507540158,1.5391801172327177,69,-49.0292,0.54,0.0658,7.0,132.1,0.2,0.5
0.982,0.9509837811579018,0.9684010119398409,1.338916195755246,1.5342679569363553,1.5343826995222116,69,-49.0292,0.54,0.0658,7.0,132.1,0.2,0.5
0.983,0.956021220670209,0.9734226372626381,1.343842440089702,1.5294708617935158,1.5295852817034756,69,-49.0292,0.54,0.0658,7.0,132.1,0.2,0.5
0.984,0.9610582141845043,0.9784438451967616,1.3487114309921253,1.524673765333364,1.5247878637792383,69,-49.0292,0.54,0.0658,7.0,132.1,0.2,0.5
0.985,0.9660947629527072,0.9834646369121401,1.3536336463148473,1.5198766675636306,1.519990445744952,69,-49.0292,0.54,0.0658,7.0,132.1,0.2,0.5
0.986,0.9711308681958144,0.9884850135592842,1.3585579050788965,1.5150795684900686,1.5151930276051644,69,-49.0292,0.54,0.0658,7.0,132.1,0.2,0.5
0.987,0.9761665311671095,0.9935049763114421,1.363548740808028,1.5102824681121774,1.5103956093544184,69,-49.0292,0.54,0.0658,7.0,132.1,0.2,0.5
0.988,0.9812017530875892,0.9985245262952958,1.3685378983986993,1.5054853664356187,1.505598190996352,69,-49.0292,0.54,0.0658,7.0,132.1,0.2,0.5
0.989,0.986236535183707,1.003543664682411,1.3734862882465677,1.5006882634774001,1.5008007725318748,69,-49.0292,0.54,0.0658,7.0,132.1,0.2,0.5
0.99,0.991270878663272,1.0085623926024254,1.3769712118373718,1.4958911592393633,1.4960033539655342,69,-49.0292,0.54,0.0658,7.0,132.1,0.2,0.5
0.991,0.9963047847481903,1.0135807111920712,1.3786331980240902,1.491094053721713,1.4912059352873257,69,-49.0292,0.54,0.0658,7.0,132.1,0.2,0.5
0.992,1.001338254645816,1.0185986216133642,1.3787719429267327,1.486296946940365,1.4864085165136203,69,-49.0292,0.54,0.0658,7.0,132.1,0.2,0.5
0.993,1.006371289566232,1.023616124959517,1.378850767030599,1.4814998388925915,1.4816110976271375,69,-49.0292,0.54,0.0658,7.0,132.1,0.2,0.5
0.994,1.011403890699512,1.028633222377539,1.3789294504972531,1.4767027295815296,1.4768136786442483,69,-49.0292,0.54,0.0658,7.0,132.1,0.2,0.5
0.995,1.0164360592561934,1.0336499149763312,1.379007993695268,1.4719056190253923,1.4720162595522197,69,-49.0292,0.54,0.0658,7.0,132.1,0.2,0.5
0.996,1.0214677964236216,1.0386662038819394,1.3790863970123155,1.467108507224566,1.4672188403628752,69,-49.0292,0.54,0.0658,7.0,132.1,0.2,0.5
0.997,1.0264991033932347,1.0436820902186354,1.379164660800825,1.4704866014745448,1.47062754774106,69,-49.0292,0.54,0.0658,7.0,132.1,0.2,0.5
0.998,1.0315299813441925,1.0486975750818146,1.3792427854448306,1.4752844777898644,1.4754250298483385,69,-49.0292,0.54,0.0658,7.0,132.1,0.2,0.5
0.999,1.0365604314420125,1.0537126595758308,1.3793207713090396,1.4800823525035867,1.4802225118219212,69,-49.0292,0.54,0.0658,7.0,132.1,0.2,0.5
1.0,1.0415904548935941,1.058727344818044,1.3772079235268393,1.4848802256260343,1.4850199936636272,69,-49.0292,0.54,0.0658,7.0,132.1,0.2,0.5
1.001,1.0466200528530862,1.0637416318939814,1.3724728051790862,1.4896780971619819,1.489817475372547,69,-49.0292,0.54,0.0658,7.0,132.1,0.2,0.5
1.002,1.0516492264678163,1.0687555218974922,1.3677375782124273,1.4944759671156362,1.4946149569595946,69,-49.0292,0.54,0.0658,7.0,132.1,0.2,0.5
1.0030000000000001,1.056677976930132,1.073769015907601,1.3630022429231303,1.499273835501981,1.4994124384129464,69,-49.0292,0.54,0.0658,7.0,132.1,0.2,0.5
1.004,1.061706305385087,1.0787821150477612,1.3582667995542579,1.5040717023221077,1.5042099197362404,69,-49.0292,0.54,0.0658,7.0,132.1,0.2,0.5
1.005,1.0667342129759163,1.0837948203583891,1.3563543253376338,1.5088695675834742,1.5090074009349337,69,-49.0292,0.54,0.0658,7.0,132.1,0.2,0.5
1.006,1.0717617008690468,1.0888071329396554,1.3563678496602734,1.5136674312958576,1.5138048820035692,69,-49.0292,0.54,0.0658,7.0,132.1,0.2,0.5
1.0070000000000001,1.0767887702140797,1.0938190538529853,1.3563813502692028,1.5184652934673977,1.5186023629448755,69,-49.0292,0.54,0.0658,7.0,132.1,0.2,0.5
1.008,1.0818154221215082,1.0988305841809052,1.3563948272412745,1.5232631540978674,1.523399843761581,69,-49.0292,0.54,0.0658,7.0,132.1,0.2,0.5
1.009,1.086841657757759,1.1038417249797932,1.3564082806399256,1.5280610132063657,1.5281973244491383,69,-49.0292,0.54,0.0658,7.0,132.1,0.2,0.5
1.01,1.0918674782478774,1.1088524773164408,1.3564217105160878,1.532858870788391,1.5329948050093662,69,-49.0292,0.54,0.0658,7.0,132.1,0.2,0.5
1.0110000000000001,1.0968928847223651,1.1138628422571402,1.3564351169291058,1.537656726854698,1.5377922854504504,69,-49.0292,0.54,0.0658,7.0,132.1,0.2,0.5
1.012,1.1019178782985364,1.1188728208242993,1.3564484999531032,1.542454581417155,1.5425897657632959,69,-49.0292,0.54,0.0658,7.0,132.1,0.2,0.5
1.013,1.106942460098253,1.1238824141108126,1.3574251230265872,1.5472524344801741,1.5473872459569975,69,-49.0292,0.54,0.0658,7.0,132.1,0.2,0.5
1.014,1.1119666312397385,1.1288915686049221,1.3578409594188088,1.552050286045096,1.5521847260233699,69,-49.0292,0.54,0.0658,7.0,132.1,0.2,0.5
1.0150000000000001,1.1169903928439453,1.1339002614765605,1.3602432016459716,1.5568481361300202,1.5569822059687795,69,-49.0292,0.54,0.0658,7.0,132.1,0.2,0.5
1.016,1.1220137460104525,1.1389085727393649,1.3611945070183538,1.561645984724055,1.5617796857959547,69,-49.0292,0.54,0.0658,7.0,132.1,0.2,0.5
1.017,1.127036691846115,1.1439165034033068,1.3607240584562987,1.5664438318599196,1.5665771654967102,69,-49.0292,0.54,0.0658,7.0,132.1,0.2,0.5
1.018,1.1320592314400528,1.1489240545086432,1.3582321809983569,1.571241677517196,1.571374645076503,69,-49.0292,0.54,0.0658,7.0,132.1,0.2,0.5
1.0190000000000001,1.1370813659113992,1.153931227066232,1.3542745632162223,1.57603952171944,1.5761721245380613,69,-49.0292,0.54,0.0658,7.0,132.1,0.2,0.5
1.02,1.1421030963283556,1.1589380221117154,1.3518332505068429,1.5808373644588527,1.580969603884114,69,-49.0292,0.54,0.0658,7.0,132.1,0.2,0.5
1.021,1.1471244237959581,1.16394444066691,1.347200258675457,1.5856352057640835,1.5857670831046562,69,-49.0292,0.54,0.0658,7.0,132.1,0.2,0.5
1.022,1.152145349397415,1.1689504837324876,1.3442500782730349,1.5904330456280604,1.5905645622115117,69,-49.0292,0.54,0.0658,7.0,132.1,0.2,0.5
1.0230000000000001,1.1571658742068394,1.1739561523367228,1.3490977364322134,1.5952308840493288,1.5953620411919474,69,-49.0292,0.54,0.0658,7.0,132.1,0.2,0.5
1.024,1.1621859993115322,1.1789614474571408,1.3539453062398934,1.6000287210540136,1.6001595200614247,69,-49.0292,0.54,0.0658,7.0,132.1,0.2,0.5
1.025,1.1672057257733286,1.183966370133612,1.3588312185163431,1.6048265566320197,1.6049569988090298,69,-49.0292,0.54,0.0658,7.0,132.1,0.2,0.5
1.026,1.1722250546686155,1.1889709213570767,1.3637630762252684,1.6096243908025827,1.6097544774438575,69,-49.0292,0.54,0.0658,7.0,132.1,0.2,0.5
1.0270000000000001,1.1772439870724156,1.1939751021005578,1.3686946958775934,1.6144222235543566,1.6145519559649983,69,-49.0292,0.54,0.0658,7.0,132.1,0.2,0.5
1.028,1.1822625240120033,1.193833294228898,1.3736260780656266,1.6192200549117843,1.6193494343688144,69,-49.0292,0.54,0.0658,7.0,132.1,0.2,0.5
1.029,1.187280666589686,1.1932033195179883,1.378557223439202,1.6240178848830964,1.624146912661672,69,-49.0292,0.54,0.0658,7.0,132.1,0.2,0.5
1.03,1.1840170368554936,1.1919280580251326,1.3834881326299637,1.6288157134528318,1.628944390833567,1365,-43.7184,0.54,0.0658,7.0,132.1,0.2,0.5
1.0310000000000001,1.179323098160694,1.1872273371044684,1.388370850008414,1.6336135406494123,1.633741868893594,1365,-43.7184,0.54,0.0658,7.0,132.1,0.2,0.5
1.032,1.1746289821480786,1.1825264503833295,1.3932260491428679,1.6384113664690176,1.6385393468408438,1365,-43.7184,0.54,0.0658,7.0,132.1,0.2,0.5
1.033,1.169934689245565,1.177825398289724,1.3980906681631495,1.6432091909141717,1.6433368246753162,1365,-43.7184,0.54,0.0658,7.0,132.1,0.2,0.5
1.034,1.1652402199410972,1.1731241812674853,1.40301484706265,1.6480070139998815,1.6481343023988302,1365,-43.7184,0.54,0.0658,7.0,132.1,0.2,0.5
1.0350000000000001,1.160545574643038,1.1684227997137442,1.4079216817713132,1.6528048357244416,1.6529317800068384,1365,-43.7184,0.54,0.0658,7.0,132.1,0.2,0.5
1.036,1.155850753836603,1.1637212540522797,1.4128021368464942,1.6545659331841307,1.6546648506591737,1365,-43.7184,0.54,0.0658,7.0,132.1,0.2,0.5
1.037,1.1511557579392502,1.1590195446987308,1.4176582189602414,1.6497687749123997,1.649867427636309,1365,-43.7184,0.54,0.0658,7.0,132.1,0.2,0.5
1.038,1.1464605874066365,1.1543176721000692,1.422558241840079,1.6449716156096201,1.6450700045206759,1365,-43.7184,0.54,0.0658,7.0,132.1,0.2,0.5
1.0390000000000001,1.1417652426807763,1.149615636629369,1.4274529574327062,1.640174455283136,1.6402725813286452,1365,-43.7184,0.54,0.0658,7.0,132.1,0.2,0.5
1.04,1.1370697242041388,1.1449134387189588,1.4323086611152576,1.6353772939356985,1.635475158045665,1365,-43.7184,0.54,0.0658,7.0,132.1,0.2,0.5
1.041,1.1323740324223763,1.1402110787685615,1.4372535002144105,1.6305801315713553,1.6306777346826493,1365,-43.7184,0.54,0.0658,7.0,132.1,0.2,0.5
1.042,1.1276781677802319,1.1355085572268764,1.44218119198581,1.6257829682010878,1.6258803112332316,1365,-43.7184,0.54,0.0658,7.0,132.1,0.2,0.5
1.0430000000000001,1.122982130692435,1.130805874455018,1.4471692071176676,1.62098580382019,1.621082887699231,1365,-43.7184,0.54,0.0658,7.0,132.1,0.2,0.5
1.044,1.1182859216146426,1.126103030888362,1.4521533206152526,1.616188638434187,1.6162854640888327,1365,-43.7184,0.54,0.0658,7.0,132.1,0.2,0.5
1.045,1.113589540970679,1.1214000269301778,1.4570813544112298,1.6113914720569937,1.6114880403865754,1365,-43.7184,0.54,0.0658,7.0,132.1,0.2,0.5
1.046,1.1088929892121087,1.1166968629665006,1.4620091602023422,1.6065943046824487,1.6066906166161061,1365,-43.7184,0.54,0.0658,7.0,132.1,0.2,0.5
1.0470000000000002,1.1041962667331973,1.1119935394398,1.4669367386024987,1.601797136323603,1.6018931927574158,1365,-43.7184,0.54,0.0658,7.0,132.1,0.2,0.5
1.048,1.0994993740105201,1.1072900567197848,1.471864090195595,1.596999966976955,1.5970957688159615,1365,-43.7184,0.54,0.0658,7.0,132.1,0.2,0.5
1.049,1.0948023114415264,1.1025864152132272,1.4752893266381761,1.5922027966464611,1.5922983447962906,1365,-43.7184,0.54,0.0658,7.0,132.1,0.2,0.5
1.05,1.090105079465502,1.0978826153304453,1.4771166668556361,1.5874056253478557,1.5875009206974937,1365,-43.7184,0.54,0.0658,7.0,132.1,0.2,0.5
1.0510000000000002,1.0854076784980862,1.093178657473254,1.4780332253189954,1.5826084530712705,1.5827034965077473,1365,-43.7184,0.54,0.0658,7.0,132.1,0.2,0.5
1.052,1.0807101089840216,1.0884745420110904,1.4781043433874856,1.5778112798318944,1.5779060722506983,1365,-43.7184,0.54,0.0658,7.0,132.1,0.2,0.5
1.053,1.0760123713280336,1.0837702693629125,1.4781753408049099,1.5730141056295905,1.5731086479054284,1365,-43.7184,0.54,0.0658,7.0,132.1,0.2,0.5
1.054,1.0713144659512182,1.0790658399352195,1.4782462178895912,1.5682169304621767,1.5683112234883083,1365,-43.7184,0.54,0.0658,7.0,132.1,0.2,0.5
1.0550000000000002,1.0666163932901327,1.0743612540889445,1.4783169749150602,1.5634197543447044,1.5635137989893337,1365,-43.7184,0.54,0.0658,7.0,132.1,0.2,0.5
1.056,1.0619181537531404,1.0696565122408628,1.4783876122162383,1.563887360433546,1.5640073563017722,1365,-43.7184,0.54,0.0658,7.0,132.1,0.2,0.5
1.057,1.0572197477613372,1.064951614764368,1.47845813008621,1.5686851537920803,1.568804831579655,1365,-43.7184,0.54,0.0658,7.0,132.1,0.2,0.5
1.058,1.0525211757121724,1.0602465620621389,1.478528528822153,1.573482945927458,1.5736023067502174,1365,-43.7184,0.54,0.0658,7.0,132.1,0.2,0.5
1.0590000000000002,1.0478224380622123,1.055541354524894,1.4770057251066646,1.5782807368430667,1.5783997818252828,1365,-43.7184,0.54,0.0658,7.0,132.1,0.2,0.5
1.06,1.0431235351670693,1.0508359925223885,1.4722646416926182,1.583078526546251,1.583197256796666,1365,-43.7184,0.54,0.0658,7.0,132.1,0.2,0.5
1.061,1.0384244674814909,1.046130476453527,1.4675234647161233,1.5878763150398754,1.587994731672552,1365,-43.7184,0.54,0.0658,7.0,132.1,0.2,0.5
1.062,1.0337252354220254,1.0414248067056633,1.4627821944400239,1.5926741023260775,1.5927922064474842,1365,-43.7184,0.54,0.0658,7.0,132.1,0.2,0.5
1.0630000000000002,1.0290258393824843,1.0367189836507804,1.4580408310648636,1.597471888414475,1.5975896811214625,1365,-43.7184,0.54,0.0658,7.0,132.1,0.2,0.5
1.064,1.024326279748493,1.0320130076572696,1.4532993748512126,1.6022696733036128,1.6023871556999438,1365,-43.7184,0.54,0.0658,7.0,132.1,0.2,0.5
1.065,1.0196265569638854,1.0273068791404512,1.4485578259900649,1.6070674570220944,1.6071846301801997,1365,-43.7184,0.54,0.0658,7.0,132.1,0.2,0.5
1.066,1.0149266714161058,1.0226005984660334,1.4438161847333504,1.6118652395500703,1.6119821045595017,1365,-43.7184,0.54,0.0658,7.0,132.1,0.2,0.5
1.0670000000000002,1.0102266235098796,1.0178941659991323,1.439458447978268,1.6166630208953392,1.6167795788442163,1365,-43.7184,0.54,0.0658,7.0,132.1,0.2,0.5
1.068,1.0055264136517508,1.013187582116916,1.4395625607303373,1.6214608010841858,1.621577053037072,1365,-43.7184,0.54,0.0658,7.0,132.1,0.2,0.5
1.069,1.0008260422391686,1.0084808472277473,1.439666496292375,1.626258580091826,1.6263745271289736,1365,-43.7184,0.54,0.0658,7.0,132.1,0.2,0.5
1.07,0.9961255096732202,1.003773961662955,1.4397702550963913,1.6310563579415884,1.6311720011281068,1365,-43.7184,0.54,0.0658,7.0,132.1,0.2,0.5
1.0710000000000002,0.9914248163595403,0.9990669258149865,1.4398738376112306,1.6358541346370203,1.6359694750271956,1365,-43.7184,0.54,0.0658,7.0,132.1,0.2,0.5
1.072,0.9867239626819355,0.9943597400502767,1.4399772442752692,1.6406519101846697,1.640766948837154,1365,-43.7184,0.54,0.0658,7.0,132.1,0.2,0.5
1.073,0.9820229490533166,0.9896524047622733,1.440080475540526,1.6454496845855828,1.6455644225488868,1365,-43.7184,0.54,0.0658,7.0,132.1,0.2,0.5
1.074,0.9773217758647661,0.9849449202888991,1.4401835318476515,1.6502474578350756,1.6503618961669417,1365,-43.7184,0.54,0.0658,7.0,132.1,0.2,0.5
1.0750000000000002,0.9726204434937245,0.9802372870326508,1.439398680047816,1.6550452299582958,1.6551593696940472,1365,-43.7184,0.54,0.0658,7.0,132.1,0.2,0.5
1.076,0.9679189523485547,0.9755295053037116,1.4355798680353473,1.6598430009421008,1.6599568431265652,1365,-43.7184,0.54,0.0658,7.0,132.1,0.2,0.5
1.077,0.9632173028048783,0.970821575515265,1.4316970711706745,1.6646407708046354,1.6647543164672243,1365,-43.7184,0.54,0.0658,7.0,132.1,0.2,0.5
1.078,0.9585154952756056,0.9661134980277438,1.4301412293084468,1.6694385395407152,1.6695517897132959,1365,-43.7184,0.54,0.0658,7.0,132.1,0.2,0.5
1.0790000000000002,0.9538135301181683,0.9614053209746544,1.4302526086480611,1.6742363071686213,1.6743492628693275,1365,-43.7184,0.54,0.0658,7.0,132.1,0.2,0.5
1.08,0.9491114077500242,0.9566972224167329,1.427209970279364,1.6790340736774396,1.6791467359325907,1365,-43.7184,0.54,0.0658,7.0,132.1,0.2,0.5
1.081,0.9444091285495233,0.9519889762503226,1.422425711840333,1.68383183907913,1.6839442089039949,1365,-43.7184,0.54,0.0658,7.0,132.1,0.2,0.5
1.082,0.9397066928841014,0.9472805828501351,1.4176414326620943,1.688629603389245,1.6887416817844496,1365,-43.7184,0.54,0.0658,7.0,132.1,0.2,0.5
1.0830000000000002,0.9350041011493886,0.9425718522082661,1.4128571327505597,1.6934273665940054,1.6935391545785023,1365,-43.7184,0.54,0.0658,7.0,132.1,0.2,0.5
1.084,0.9303013537510196,0.9378629317385275,1.4080728121757602,1.6982251286985046,1.6983366272779676,1365,-43.7184,0.54,0.0658,7.0,132.1,0.2,0.5
1.085,0.9255984510382405,0.9331538659769649,1.4032884709722566,1.703022889717431,1.7031340998919404,1365,-43.7184,0.54,0.0658,7.0,132.1,0.2,0.5
1.086,0.9208953933939483,0.9284446552595,1.3985041091955281,1.7078206496627444,1.7079315724140542,1365,-43.7184,0.54,0.0658,7.0,132.1,0.2,0.5
1.0870000000000002,0.9161921811773936,0.9237352999617088,1.3937197269037824,1.7126184085154819,1.7127290448470376,1365,-43.7184,0.54,0.0658,7.0,132.1,0.2,0.5
1.088,0.9114888148296814,0.9190258004182852,1.3889353241261233,1.7174161663065206,1.7175265171918,1365,-43.7184,0.54,0.0658,7.0,132.1,0.2,0.5
1.089,0.9067852946536732,0.9143161569955283,1.384150900919849,1.7222139230276299,1.7223239894528888,1365,-43.7184,0.54,0.0658,7.0,132.1,0.2,0.5
1.09,0.9020816211004785,0.9096063700179912,1.379366457324977,1.7270116786678955,1.7271214616184807,1365,-43.7184,0.54,0.0658,7.0,132.1,0.2,0.5
1.0910000000000002,0.8973777944474932,0.9048964398910357,1.3745819933783423,1.731809433263561,1.731918933704037,1365,-43.7184,0.54,0.0658,7.0,132.1,0.2,0.5
1.092,0.8926738151576501,0.9001863669112027,1.3697975091504304,1.7366071867962547,1.7367164056977344,1365,-43.7184,0.54,0.0658,7.0,132.1,0.2,0.5
1.093,0.8879696835501818,0.8954761514431538,1.3650130046830782,1.7414049392832567,1.7415138776041204,1365,-43.7184,0.54,0.0658,7.0,132.1,0.2,0.5
1.094,0.883265400021628,0.8907657938143074,1.360228479993566,1.7462026907222026,1.7463113494268327,1365,-43.7184,0.54,0.0658,7.0,132.1,0.2,0.5
1.0950000000000002,0.8785609649276012,0.8860552944109713,1.3554439351655674,1.7508748299289891,1.7509596153986422,1365,-43.7184,0.54,0.0658,7.0,132.1,0.2,0.5
1.096,0.8738563786355371,0.8813446535476033,1.3506593702227292,1.7460776180501854,1.7461621879519953,1365,-43.7184,0.54,0.0658,7.0,132.1,0.2,0.5
1.097,0.8691516415110527,0.8766338715952771,1.3458747852159831,1.74128040536375,1.7413647604362268,1365,-43.7184,0.54,0.0658,7.0,132.1,0.2,0.5
1.098,0.8644467539261314,0.871922948847805,1.341090180185347,1.7364831919010157,1.7365673328567937,1365,-43.7184,0.54,0.0658,7.0,132.1,0.2,0.5
1.0990000000000002,0.8597417162418424,0.8672118856904035,1.3363055551953948,1.7316859776461115,1.731769905213696,1365,-43.7184,0.54,0.0658,7.0,132.1,0.2,0.5
1.1,0.8550365288083412,0.8625006824352568,1.3315209102756853,1.7268887626062224,1.726972477506024,1365,-43.7184,0.54,0.0658,7.0,132.1,0.2,0.5
1.101,0.8503311920148917,0.8577893394393868,1.3267362454666909,1.7220915467750273,1.7221750497274115,1365,-43.7184,0.54,0.0658,7.0,132.1,0.2,0.5
1.102,0.8456257061907309,0.8530778570331676,1.3219515608284382,1.7172943301596206,1.717377621891501,1365,-43.7184,0.54,0.0658,7.0,132.1,0.2,0.5
1.1030000000000002,0.8409200717287604,0.8483662355620254,1.3171668563959429,1.7124971127919708,1.7125801939901066,1365,-43.7184,0.54,0.0658,7.0,132.1,0.2,0.5
1.104,0.8362142889482129,0.8436544753464205,1.3123821322064941,1.7076998946372897,1.7077827660223193,1365,-43.7184,0.54,0.0658,7.0,132.1,0.2,0.5
1.105,0.8315083582529041,0.8389425767180455,1.3075973883333063,1.7029026757121302,1.7029853379954147,1365,-43.7184,0.54,0.0658,7.0,132.1,0.2,0.5
1.106,0.8268022799575192,0.834230540027147,1.3028126247868386,1.6981054560156281,1.698187909902117,1365,-43.7184,0.54,0.0658,7.0,132.1,0.2,0.5
1.1070000000000002,0.8220960544413174,0.8295183656012796,1.2980278416303008,1.6933082355652913,1.6933904817497023,1365,-43.7184,0.54,0.0658,7.0,132.1,0.2,0.5
1.108,0.8173896820217124,0.8248060537719993,1.2932430389059846,1.6885110143498878,1.688593053529985,1365,-43.7184,0.54,0.0658,7.0,132.1,0.2,0.5
1.109,0.8126831631261666,0.8200936048583116,1.288458216665731,1.683713792378785,1.6837956252493314,1365,-43.7184,0.54,0.0658,7.0,132.1,0.2,0.5
1.11,0.8079764980311666,0.8153810192034598,1.2836733749463747,1.6789165696614874,1.6789981969022847,1365,-43.7184,0.54,0.0658,7.0,132.1,0.2,0.5
