B_T,Delta_inter_min_MHz
0.2,0.9594884850398858
0.201,0.9642859274650852
0.202,0.9690833698902847
0.203,0.9738808123154841
0.20400000000000001,0.9786782547406835
0.20500000000000002,0.983475697165883
0.20600000000000002,0.9882731395910824
0.20700000000000002,0.9930705820162818
0.20800000000000002,0.9978680244414813
0.20900000000000002,1.0026654668666808
0.21000000000000002,1.00746290929188
0.21100000000000002,1.0122603517170796
0.21200000000000002,1.017057794142279
0.21300000000000002,1.0218552365674785
0.21400000000000002,1.0266526789926778
0.21500000000000002,1.0314501214178773
0.21600000000000003,1.0362475638430768
0.21700000000000003,1.0410450062682761
0.21800000000000003,1.0458424486934756
0.219,1.050639891118675
0.22,1.0554373335438743
0.221,1.0602347759690738
0.222,1.065032218394273
0.223,1.0698296608194726
0.224,1.0746271032446721
0.225,1.0794245456698714
0.226,1.084221988095071
0.227,1.0890194305202703
0.228,1.0938168729454698
0.229,1.0986143153706693
0.23,1.1034117577958686
0.231,1.1082092002210682
0.232,1.1130066426462675
0.233,1.117804085071467
0.234,1.1226015274966663
0.23500000000000001,1.1273989699218658
0.23600000000000002,1.1321964123470654
0.23700000000000002,1.1369938547722647
0.23800000000000002,1.1417912971974642
0.23900000000000002,1.1465887396226635
0.24000000000000002,1.151386182047863
0.24100000000000002,1.1561836244730623
0.24200000000000002,1.1609810668982619
0.24300000000000002,1.1657785093234614
0.244,1.1705759517486607
0.245,1.17537339417386
0.246,1.1801708365990595
0.247,1.1849682790242588
0.248,1.1897657214494584
0.249,1.1945631638746577
0.25,1.1993606062998572
0.251,1.2041580487250567
0.252,1.208955491150256
0.253,1.2137529335754556
0.254,1.2185503760006549
0.255,1.2233478184258544
0.256,1.2281452608510537
0.257,1.2329427032762532
0.258,1.2377401457014527
0.259,1.242537588126652
0.26,1.2473350305518516
0.261,1.2521324729770509
0.262,1.2569299154022504
0.263,1.2617273578274497
0.264,1.2665248002526492
0.265,1.2713222426778488
0.266,1.276119685103048
0.267,1.2809171275282476
0.268,1.285714569953447
0.269,1.2905120123786464
0.27,1.295309454803846
0.271,1.3001068972290453
0.272,1.3049043396542448
0.273,1.309701782079444
0.274,1.3144992245046436
0.275,1.319296666929843
0.276,1.3240941093550425
0.277,1.328891551780242
0.278,1.3336889942054413
0.279,1.3384864366306408
0.28,1.3432838790558401
0.281,1.3480813214810397
0.28200000000000003,1.352878763906239
0.28300000000000003,1.3576762063314385
0.28400000000000003,1.362473648756638
0.28500000000000003,1.3672710911818373
0.28600000000000003,1.3720685336070368
0.28700000000000003,1.3768659760322361
0.28800000000000003,1.3816634184574357
0.28900000000000003,1.386460860882635
0.29000000000000004,1.3912583033078345
0.29100000000000004,1.396055745733034
0.29200000000000004,1.4008531881582333
0.29300000000000004,1.4056506305834329
0.29400000000000004,1.4104480730086322
0.29500000000000004,1.4152455154338317
0.29600000000000004,1.420042957859031
0.29700000000000004,1.4248404002842305
0.29800000000000004,1.42963784270943
0.29900000000000004,1.4344352851346294
0.30000000000000004,1.439232727559829
0.30100000000000005,1.4440301699850282
0.30200000000000005,1.4488276124102277
0.30300000000000005,1.453625054835427
0.30400000000000005,1.4584224972606266
0.305,1.4632199396858256
0.306,1.4680173821110252
0.307,1.4728148245362247
0.308,1.477612266961424
0.309,1.4824097093866235
0.31,1.4872071518118228
0.311,1.4920045942370224
0.312,1.4968020366622217
0.313,1.5015994790874212
0.314,1.5063969215126207
0.315,1.51119436393782
0.316,1.5159918063630196
0.317,1.5207892487882189
0.318,1.5255866912134184
0.319,1.5303841336386177
0.32,1.5351815760638172
0.321,1.5399790184890167
0.322,1.544776460914216
0.323,1.5495739033394156
0.324,1.5543713457646149
0.325,1.5591687881898144
0.326,1.563966230615014
0.327,1.5687636730402132
0.328,1.5735611154654128
0.329,1.578358557890612
0.33,1.5831560003158116
0.331,1.587953442741011
0.332,1.5927508851662104
0.333,1.59754832759141
0.334,1.6023457700166093
0.335,1.6071432124418088
0.336,1.611940654867008
0.337,1.6167380972922076
0.338,1.621535539717407
0.339,1.6263329821426065
0.34,1.631130424567806
0.341,1.6359278669930053
0.342,1.6407253094182048
0.343,1.6455227518434041
0.34400000000000003,1.6503201942686037
0.345,1.6551176366938027
0.346,1.6525021394240444
0.347,1.6477046969988451
0.348,1.6429072545736456
0.349,1.638109812148446
0.35,1.6333123697232468
0.351,1.6285149272980473
0.352,1.623717484872848
0.353,1.6189200424476484
0.354,1.6141226000224491
0.355,1.6093251575972496
0.356,1.60452771517205
0.357,1.5997302727468508
0.358,1.5949328303216512
0.359,1.590135387896452
0.36,1.5853379454712524
0.361,1.580540503046053
0.362,1.5757430606208536
0.363,1.570945618195654
0.364,1.5661481757704547
0.365,1.5613507333452552
0.366,1.556553290920056
0.367,1.5517558484948564
0.368,1.546958406069657
0.369,1.5421609636444575
0.37,1.537363521219258
0.371,1.5325660787940587
0.372,1.5277686363688592
0.373,1.5229711939436599
0.374,1.5181737515184603
0.375,1.5133763090932608
0.376,1.5085788666680615
0.377,1.503781424242862
0.378,1.4989839818176627
0.379,1.4941865393924632
0.38,1.4893890969672638
0.381,1.4845916545420643
0.382,1.4797942121168648
0.383,1.4749967696916655
0.384,1.470199327266466
0.385,1.4654018848412667
0.386,1.4606044424160671
0.387,1.4558069999908678
0.388,1.4510095575656683
0.389,1.4462121151404688
0.39,1.4414146727152695
0.391,1.43661723029007
0.392,1.4318197878648706
0.393,1.427022345439671
0.394,1.4222249030144718
0.395,1.4174274605892723
0.396,1.4126300181640727
0.397,1.4078325757388734
0.398,1.403035133313674
0.399,1.3982376908884746
0.4,1.393440248463275
0.401,1.3886428060380758
0.402,1.3838453636128762
0.403,1.3790479211876767
0.404,1.3742504787624774
0.405,1.3694530363372779
0.406,1.3646555939120786
0.40700000000000003,1.359858151486879
0.40800000000000003,1.3550607090616797
0.40900000000000003,1.3502632666364802
0.41000000000000003,1.3454658242112807
0.41100000000000003,1.3406683817860814
0.41200000000000003,1.3358709393608819
0.41300000000000003,1.3310734969356826
0.41400000000000003,1.326276054510483
0.41500000000000004,1.3214786120852835
0.41600000000000004,1.3166811696600842
0.41700000000000004,1.3118837272348847
0.41800000000000004,1.3070862848096851
0.41900000000000004,1.302288842384486
0.42000000000000004,1.2974913999592865
0.42100000000000004,1.292693957534087
0.42200000000000004,1.2878965151088875
0.42300000000000004,1.283099072683688
0.42400000000000004,1.2783016302584889
0.42500000000000004,1.2735041878332893
0.42600000000000005,1.2687067454080898
0.42700000000000005,1.2639093029828903
0.42800000000000005,1.2591118605576912
0.42900000000000005,1.2543144181324917
0.43000000000000005,1.2495169757072921
0.43100000000000005,1.2447195332820926
0.43200000000000005,1.239922090856893
0.43300000000000005,1.235124648431694
0.43400000000000005,1.2303272060064945
0.43500000000000005,1.225529763581295
0.43600000000000005,1.2207323211560954
0.43700000000000006,1.215934878730896
0.43800000000000006,1.2111374363056968
0.43900000000000006,1.2063399938804973
0.44,1.2015425514552982
0.441,1.1967451090300987
0.442,1.1919476666048991
0.443,1.1871502241796996
0.444,1.1823527817545005
0.445,1.177555339329301
0.446,1.1727578969041015
0.447,1.167960454478902
0.448,1.1631630120537024
0.449,1.1583655696285033
0.45,1.1535681272033038
0.451,1.1487706847781043
0.452,1.1439732423529048
0.453,1.1391757999277052
0.454,1.1343783575025062
0.455,1.1295809150773066
0.456,1.124783472652107
0.457,1.1199860302269076
0.458,1.115188587801708
0.459,1.110391145376509
0.46,1.1055937029513094
0.461,1.10079626052611
0.462,1.0959988181009104
0.463,1.0912013756757113
0.464,1.0864039332505118
0.465,1.0816064908253122
0.466,1.0768090484001127
0.467,1.0720116059749132
0.468,1.067214163549714
0.46900000000000003,1.0624167211245146
0.47000000000000003,1.057619278699315
0.47100000000000003,1.0528218362741155
0.47200000000000003,1.048024393848916
0.47300000000000003,1.043226951423717
0.47400000000000003,1.0384295089985174
0.47500000000000003,1.0336320665733179
0.47600000000000003,1.0288346241481183
0.47700000000000004,1.0240371817229192
0.47800000000000004,1.0192397392977197
0.47900000000000004,1.0144422968725202
0.48000000000000004,1.0096448544473207
0.48100000000000004,1.0048474120221211
0.48200000000000004,1.000049969596922
0.48300000000000004,0.9952525271717225
0.48400000000000004,0.990455084746523
0.48500000000000004,0.9856576423213235
0.48600000000000004,0.9808601998961239
0.48700000000000004,0.9760627574709249
0.48800000000000004,0.9712653150457253
0.489,0.9664678726205262
0.49,0.9616704301953267
0.491,0.9568729877701272
0.492,0.9520755453449277
0.493,0.9472781029197286
0.494,0.942480660494529
0.495,0.9376832180693295
0.496,0.93288577564413
0.497,0.9280883332189305
0.498,0.9232908907937314
0.499,0.9184934483685319
0.5,0.9136960059433323
0.501,0.9088985635181328
0.502,0.9041011210929333
0.503,0.8993036786677342
0.504,0.8945062362425347
0.505,0.8897087938173351
0.506,0.8849113513921356
0.507,0.8801139089669361
0.508,0.875316466541737
0.509,0.8705190241165375
0.51,0.865721581691338
0.511,0.8609241392661384
0.512,0.8561266968409393
0.513,0.8513292544157398
0.514,0.8465318119905403
0.515,0.8417343695653408
0.516,0.8369369271401412
0.517,0.8321394847149421
0.518,0.8273420422897426
0.519,0.8225445998645431
0.52,0.8177471574393436
0.521,0.812949715014144
0.522,0.808152272588945
0.523,0.8033548301637454
0.524,0.7985573877385459
0.525,0.7937599453133464
0.526,0.7889625028881473
0.527,0.7841650604629478
0.528,0.7793676180377482
0.529,0.7745701756125487
0.53,0.7697727331873492
0.531,0.7649752907621501
0.532,0.7601778483369506
0.533,0.755380405911751
0.534,0.7505829634865515
0.535,0.745785521061352
0.536,0.7409880786361529
0.537,0.7361906362109534
0.538,0.7313931937857538
0.539,0.7265957513605543
0.54,0.7217983089353548
0.541,0.7170008665101557
0.542,0.7122034240849562
0.543,0.7074059816597567
0.544,0.7026085392345571
0.545,0.697811096809358
0.546,0.6930136543841585
0.547,0.688216211958959
0.548,0.6834187695337595
0.549,0.6786213271085599
0.55,0.6738238846833609
0.551,0.6690264422581613
0.552,0.6642289998329618
0.5529999999999999,0.6594315574077627
0.554,0.6546341149825627
0.5549999999999999,0.6498366725573641
0.556,0.6450392301321641
0.5569999999999999,0.640241787706965
0.558,0.6354443452817651
0.5589999999999999,0.6306469028565664
0.56,0.6258494604313665
0.5609999999999999,0.6210520180061674
0.562,0.6162545755809674
0.563,0.6114571331557688
0.5640000000000001,0.6066596907305688
0.565,0.6018622483053697
0.5660000000000001,0.5970648058801697
0.567,0.5922673634549707
0.5680000000000001,0.5874699210297707
0.569,0.582672478604572
0.5700000000000001,0.5778750361793721
0.571,0.573077593754173
0.5720000000000001,0.568280151328973
0.573,0.5634827089037744
0.5740000000000001,0.5586852664785744
0.575,0.5538878240533753
0.5760000000000001,0.5490903816281754
0.577,0.5442929392029767
0.5780000000000001,0.5394954967777768
0.579,0.5346980543525777
0.5800000000000001,0.5299006119273777
0.581,0.5251031695021786
0.5820000000000001,0.5203057270769786
0.583,0.51550828465178
0.5840000000000001,0.51071084222658
0.585,0.505913399801381
0.5860000000000001,0.501115957376181
0.587,0.49631851495098234
0.5880000000000001,0.49152107252578237
0.589,0.4867236301005833
0.5900000000000001,0.4819261876753833
0.591,0.47712874525018467
0.5920000000000001,0.4723313028249847
0.593,0.4675338603997856
0.5940000000000001,0.46273641797458565
0.595,0.45793897554938656
0.5960000000000001,0.4531415331241866
0.597,0.44834409069898795
0.5980000000000001,0.443546648273788
0.599,0.4387492058485889
0.6000000000000001,0.4339517634233889
0.601,0.4291543209981903
0.6020000000000001,0.4243568785729903
0.603,0.41955943614779123
0.6040000000000001,0.41476199372259126
0.605,0.4099645512973926
0.6060000000000001,0.40516710887219265
0.607,0.40036966644699357
0.6080000000000001,0.3955722240217936
0.609,0.3907747815965945
0.6100000000000001,0.38597733917139454
0.611,0.3811798967461959
0.6120000000000001,0.37638245432099593
0.613,0.37158501189579685
0.6140000000000001,0.3667875694705969
0.615,0.36199012704539824
0.6160000000000001,0.35719268462019826
0.617,0.3523952421949992
0.618,0.34759779976979965
0.619,0.3428003573446001
0.62,0.33800291491940104
0.621,0.3332054724942015
0.622,0.328408030069002
0.623,0.32361058764380246
0.624,0.3188131452186034
0.625,0.31401570279340385
0.626,0.3092182603682043
0.627,0.3044208179430048
0.628,0.29962337551780527
0.629,0.2948259330926062
0.63,0.29002849066740666
0.631,0.28523104824220713
0.632,0.2804336058170076
0.633,0.2756361633918081
0.634,0.270838720966609
0.635,0.26604127854140946
0.636,0.26124383611620994
0.637,0.2564463936910104
0.638,0.2516489512658113
0.639,0.2468515088406118
0.64,0.24205406641541227
0.641,0.23725662399021274
0.642,0.23245918156501322
0.643,0.22766173913981413
0.644,0.2228642967146146
0.645,0.21806685428941508
0.646,0.21326941186421555
0.647,0.20847196943901602
0.648,0.20367452701381694
0.649,0.19887708458861741
0.65,0.1940796421634179
0.651,0.18928219973821836
0.652,0.18448475731301883
0.653,0.17968731488781975
0.654,0.17488987246262022
0.655,0.1700924300374207
0.656,0.16529498761222117
0.657,0.16049754518702208
0.658,0.15570010276182256
0.659,0.15090266033662303
0.66,0.1461052179114235
0.661,0.14130777548622397
0.662,0.1365103330610249
0.663,0.13171289063582536
0.664,0.12691544821062584
0.665,0.12211800578542631
0.666,0.11732056336022678
0.667,0.1125231209350277
0.668,0.10772567850982817
0.669,0.10292823608462864
0.67,0.09813079365942912
0.671,0.09333335123423003
0.672,0.0885359088090305
0.673,0.08373846638383098
0.674,0.07894102395863145
0.675,0.07414358153343192
0.676,0.06934613910823284
0.677,0.06454869668303331
0.678,0.059751254257833786
0.679,0.05495381183263426
0.6799999999999999,0.05015636940743562
0.681,0.04535892698223565
0.6819999999999999,0.040561484557036565
0.683,0.03576404213183659
0.6839999999999999,0.03096659970663751
0.685,0.02616915728143754
0.6859999999999999,0.0213717148562389
0.687,0.016574272431038928
0.688,0.011776830005839845
0.6890000000000001,0.006979387580639873
0.69,0.002181945155441234
0.6910000000000001,0.0026154972697587375
0.692,0.007412939694957821
0.6930000000000001,0.012210382120157792
0.694,0.01700782454535643
0.6950000000000001,0.021805266970556403
0.696,0.026602709395755486
0.6970000000000001,0.03140015182095546
0.698,0.03619759424615454
0.6990000000000001,0.04099503667135451
0.7,0.04579247909655315
0.7010000000000001,0.05058992152175312
0.702,0.055387363946952206
0.7030000000000001,0.06018480637215218
0.704,0.06498224879735082
0.7050000000000001,0.06977969122255079
0.706,0.07457713364774987
0.7070000000000001,0.07937457607294984
0.708,0.08417201849814848
0.7090000000000001,0.08896946092334845
0.71,0.09376690334854754
0.7110000000000001,0.09856434577374751
0.712,0.10336178819894659
0.7130000000000001,0.10815923062414656
0.714,0.1129566730493452
0.7150000000000001,0.11775411547454517
0.716,0.12255155789974426
0.7170000000000001,0.12734900032494423
0.718,0.13214644275014287
0.7190000000000001,0.13694388517534284
0.72,0.14174132760054192
0.7210000000000001,0.1465387700257419
0.722,0.15133621245094053
0.7230000000000001,0.1561336548761405
0.724,0.1609310973013396
0.7250000000000001,0.16572853972653956
0.726,0.17052598215173864
0.7270000000000001,0.1753234245769386
0.728,0.18012086700213725
0.7290000000000001,0.18491830942733722
0.73,0.1897157518525363
0.7310000000000001,0.19451319427773628
0.732,0.19931063670293492
0.7330000000000001,0.2041080791281349
0.734,0.20890552155333397
0.7350000000000001,0.21370296397853394
0.736,0.21850040640373258
0.7370000000000001,0.22329784882893255
0.738,0.22809529125413164
0.7390000000000001,0.2328927336793316
0.74,0.2376901761045307
0.7410000000000001,0.24248761852973066
0.742,0.2472850609549293
0.7430000000000001,0.2520825033801293
0.744,0.25687994580532836
0.7450000000000001,0.26167738823052833
0.746,0.26647483065572697
0.7470000000000001,0.27127227308092694
0.748,0.276069715506126
0.7490000000000001,0.280867157931326
0.75,0.2856646003565251
0.7510000000000001,0.2904620427817246
0.752,0.2952594852069237
0.7530000000000001,0.30005692763212366
0.754,0.30485437005732274
0.7550000000000001,0.3096518124825227
0.756,0.31444925490772135
0.7570000000000001,0.3192466973329213
0.758,0.3240441397581204
0.7590000000000001,0.3288415821833204
0.76,0.333639024608519
0.7610000000000001,0.338436467033719
0.762,0.3432339094589181
0.7630000000000001,0.34803135188411805
0.764,0.35282879430931713
0.7650000000000001,0.3576262367345171
0.766,0.36242367915971574
0.7670000000000001,0.3672211215849157
0.768,0.3720185640101148
0.7690000000000001,0.37681600643531477
0.77,0.3816134488605134
0.7710000000000001,0.3864108912857134
0.772,0.39120833371091246
0.7730000000000001,0.39600577613611243
0.774,0.40080321856131107
0.7750000000000001,0.40560066098651104
0.776,0.4103981034117101
0.7769999999999999,0.4151955458369092
0.778,0.4199929882621092
0.7789999999999999,0.4247904306873078
0.78,0.4295878731125078
0.7809999999999999,0.4343853155377069
0.782,0.43918275796290684
0.7829999999999999,0.4439802003881055
0.784,0.44877764281330546
0.7849999999999999,0.45357508523850454
0.786,0.4583725276637045
0.7869999999999999,0.46316997008890315
0.788,0.4679674125141031
0.7889999999999999,0.4727648549393022
0.79,0.4775622973645022
0.7909999999999999,0.48235973978970126
0.792,0.48715718221490123
0.7929999999999999,0.49195462464009987
0.794,0.49675206706529984
0.7949999999999999,0.5015495094904989
0.796,0.5063469519156989
0.7969999999999999,0.5111443943408975
0.798,0.5159418367660975
0.7989999999999999,0.5207392791912966
0.8,0.5255367216164966
0.8009999999999999,0.5303341640416952
0.802,0.5351316064668952
0.8029999999999999,0.5399290488920943
0.804,0.5447264913172942
0.8049999999999999,0.5495239337424933
0.806,0.5543213761676933
0.8069999999999999,0.5591188185928919
0.808,0.5639162610180919
0.8089999999999999,0.568713703443291
0.81,0.573511145868491
0.8109999999999999,0.5783085882936896
0.812,0.5831060307188896
0.813,0.5879034731440886
0.8140000000000001,0.5927009155692886
0.815,0.5974983579944873
0.8160000000000001,0.6022958004196872
0.817,0.6070932428448863
0.8180000000000001,0.6118906852700863
0.819,0.6166881276952854
0.8200000000000001,0.6214855701204853
0.821,0.626283012545684
0.8220000000000001,0.6310804549708839
0.823,0.635877897396083
0.8240000000000001,0.640675339821283
0.825,0.6454727822464816
0.8260000000000001,0.6502702246716816
0.827,0.6550676670968807
0.8280000000000001,0.6598651095220807
0.829,0.6646625519472797
0.8300000000000001,0.6694599943724797
0.831,0.6742574367976784
0.8320000000000001,0.6790548792228783
0.833,0.6838523216480774
0.8340000000000001,0.6886497640732774
0.835,0.693447206498476
0.8360000000000001,0.6982446489236764
0.837,0.7030420913488751
0.8380000000000001,0.7078395337740746
0.839,0.7126369761992741
0.8400000000000001,0.7174344186244737
0.841,0.7222318610496723
0.8420000000000001,0.7270293034748727
0.843,0.7318267459000714
0.8440000000000001,0.7366241883252718
0.845,0.7414216307504704
0.8460000000000001,0.7462190731756708
0.847,0.7510165156008695
0.8480000000000001,0.755813958026069
0.849,0.7606114004512685
0.8500000000000001,0.765408842876468
0.851,0.7702062853016667
0.8520000000000001,0.7750037277268671
0.853,0.7798011701520657
0.8540000000000001,0.7845986125772662
0.855,0.7893960550024648
0.8560000000000001,0.7941934974276643
0.857,0.7989909398528638
0.8580000000000001,0.8037883822780634
0.859,0.8085858247032629
0.8600000000000001,0.8133832671284624
0.861,0.8181807095536611
0.8620000000000001,0.8229781519788615
0.863,0.8277755944040601
0.8640000000000001,0.8325730368292605
0.865,0.8373704792544592
0.8660000000000001,0.8421679216796587
0.867,0.8469653641048582
0.8680000000000001,0.8517628065300578
0.869,0.8565602489552573
0.8700000000000001,0.8613576913804568
0.871,0.8661551338056555
0.8720000000000001,0.8709525762308559
0.873,0.8757500186560545
0.8740000000000001,0.8805474610812549
0.875,0.8853449035064536
0.8760000000000001,0.8901423459316531
0.877,0.8949397883568526
0.8780000000000001,0.8997372307820521
0.879,0.9045346732072508
0.8800000000000001,0.9093321156324512
0.881,0.9141295580576498
0.8820000000000001,0.9189270004828503
0.883,0.9237244429080489
0.8840000000000001,0.9285218853332493
0.885,0.933319327758448
0.8860000000000001,0.9381167701836475
0.887,0.942914212608847
0.8880000000000001,0.9477116550340465
0.889,0.9525090974592452
0.8900000000000001,0.9573065398844456
0.891,0.9621039823096442
0.8920000000000001,0.9669014247348446
0.893,0.9716988671600433
0.8940000000000001,0.9764963095852428
0.895,0.9812937520104423
0.8960000000000001,0.9860911944356419
0.897,0.9908886368608414
0.8980000000000001,0.9956860792860409
0.899,1.0004835217112396
0.9000000000000001,1.00528096413644
0.901,1.0100784065616386
0.9020000000000001,1.014875848986839
0.903,1.0196732914120377
0.9039999999999999,1.0244707338372363
0.905,1.0292681762624367
0.9059999999999999,1.0340656186876354
0.907,1.0388630611128349
0.9079999999999999,1.0436605035380344
0.909,1.048457945963234
0.9099999999999999,1.0532553883884335
0.911,1.058052830813633
0.9119999999999999,1.0628502732388316
0.913,1.067647715664032
0.9139999999999999,1.0724451580892307
0.915,1.077242600514431
0.9159999999999999,1.0820400429396297
0.917,1.0868374853648293
0.9179999999999999,1.0916349277900288
0.919,1.0964323702152283
0.9199999999999999,1.101229812640427
0.921,1.1060272550656274
0.9219999999999999,1.110824697490826
0.923,1.1156221399160264
0.9239999999999999,1.120419582341225
0.925,1.1252170247664255
0.9259999999999999,1.1300144671916241
0.927,1.1348119096168237
0.9279999999999999,1.1396093520420232
0.929,1.1444067944672227
0.9299999999999999,1.1492042368924213
0.931,1.1540016793176218
0.9319999999999999,1.1587991217428204
0.933,1.1635965641680208
0.9339999999999999,1.1683940065932195
0.935,1.1731914490184199
0.9359999999999999,1.1779888914436185
0.937,1.182786333868818
0.938,1.1875837762940176
0.9390000000000001,1.192381218719217
0.94,1.1971786611444157
0.9410000000000001,1.2019761035696161
0.942,1.2067735459948148
0.9430000000000001,1.2115709884200152
0.944,1.2163684308452138
0.9450000000000001,1.2211658732704134
0.946,1.225963315695613
0.9470000000000001,1.2307607581208124
0.948,1.235558200546012
0.9490000000000001,1.2403556429712115
0.95,1.2451530853964101
0.9510000000000001,1.2499505278216105
0.952,1.2547479702468092
0.9530000000000001,1.2595454126720096
0.954,1.2643428550972082
0.9550000000000001,1.2691402975224078
0.956,1.2739377399476073
0.9570000000000001,1.2787351823728068
0.958,1.2835326247980055
0.9590000000000001,1.2883300672232059
0.96,1.2931275096484045
0.9610000000000001,1.297924952073605
0.962,1.3027223944988036
0.9630000000000001,1.307519836924004
0.964,1.3123172793492026
0.9650000000000001,1.3171147217744021
0.966,1.3219121641996017
0.9670000000000001,1.3267096066248012
0.968,1.3315070490499998
0.9690000000000001,1.3363044914752003
0.97,1.341101933900399
0.9710000000000001,1.3458993763255993
0.972,1.350696818750798
0.9730000000000001,1.3554942611759975
0.974,1.360291703601197
0.9750000000000001,1.3650891460263965
0.976,1.369886588451596
0.9770000000000001,1.3746840308767956
0.978,1.3794814733019942
0.9790000000000001,1.3842789157271946
0.98,1.3890763581523933
0.9810000000000001,1.3938738005775937
0.982,1.3986712430027923
0.9830000000000001,1.4034686854279919
0.984,1.4082661278531914
0.9850000000000001,1.413063570278391
0.986,1.4178610127035896
0.9870000000000001,1.42265845512879
0.988,1.4274558975539886
0.9890000000000001,1.432253339979189
0.99,1.4370507824043877
0.9910000000000001,1.441848224829588
0.992,1.4466456672547867
0.9930000000000001,1.4514431096799862
0.994,1.4562405521051858
0.9950000000000001,1.4610379945303853
0.996,1.465835436955584
0.9970000000000001,1.4706328793807844
0.998,1.475430321805983
0.9990000000000001,1.4802277642311834
1.0,1.485025206656382
1.0010000000000001,1.4898226490815816
1.002,1.494620091506781
1.0030000000000001,1.4994175339319806
1.004,1.5042149763571802
1.0050000000000001,1.5090124187823797
1.006,1.5138098612075783
1.0070000000000001,1.5186073036327787
1.008,1.5234047460579774
1.0090000000000001,1.5282021884831778
1.01,1.5329996309083764
1.0110000000000001,1.537797073333576
1.012,1.5425945157587755
1.0130000000000001,1.547391958183975
1.014,1.5521894006091745
1.0150000000000001,1.556986843034374
1.016,1.5617842854595727
1.0170000000000001,1.5665817278847731
1.018,1.5713791703099718
1.0190000000000001,1.5761766127351722
1.02,1.5809740551603708
1.0210000000000001,1.5857714975855703
1.022,1.5905689400107699
1.0230000000000001,1.5953663824359694
1.024,1.600163824861168
1.0250000000000001,1.6049612672863685
1.026,1.609758709711567
1.0270000000000001,1.6145561521367675
1.028,1.6193535945619661
1.0290000000000001,1.6241510369871666
1.03,1.6289484794123652
1.0310000000000001,1.6337459218375647
1.032,1.6385433642627643
1.033,1.643340806687963
1.034,1.6481382491131624
1.035,1.652935691538362
1.036,1.6546840845794852
1.037,1.6498866421542866
1.038,1.6450891997290862
1.039,1.6402917573038875
1.04,1.6354943148786871
1.041,1.6306968724534885
1.042,1.625899430028288
1.043,1.6211019876030894
1.044,1.61630454517789
1.045,1.6115071027526904
1.046,1.6067096603274909
1.047,1.6019122179022922
1.048,1.5971147754770918
1.049,1.5923173330518932
1.05,1.5875198906266927
1.051,1.582722448201494
1.052,1.5779250057762946
1.053,1.573127563351095
1.054,1.5683301209258955
1.055,1.563532678500696
1.056,1.5587352360754965
1.057,1.5539377936502978
1.058,1.5491403512250974
1.059,1.5443429087998988
1.06,1.5395454663746984
1.061,1.5347480239494997
1.062,1.5299505815243002
1.063,1.5251531390991007
1.064,1.5203556966739011
1.065,1.5155582542487025
1.066,1.510760811823502
1.067,1.5059633693983034
1.068,1.501165926973103
1.069,1.4963684845479044
1.07,1.491571042122704
1.071,1.4867735996975053
1.072,1.4819761572723058
1.073,1.4771787148471063
1.074,1.4723812724219068
1.075,1.4675838299967081
1.076,1.4627863875715077
1.077,1.457988945146309
1.078,1.4531915027211086
1.079,1.44839406029591
1.08,1.4435966178707096
1.081,1.438799175445511
1.082,1.4340017330203114
1.083,1.429204290595112
1.084,1.4244068481699124
1.085,1.4196094057447137
1.086,1.4148119633195133
1.087,1.4100145208943147
1.088,1.4052170784691143
1.089,1.4004196360439156
1.09,1.395622193618716
1.091,1.3908247511935166
1.092,1.386027308768317
1.093,1.3812298663431175
1.094,1.376432423917918
1.095,1.3716349814927193
1.096,1.366837539067519
1.097,1.3620400966423203
1.098,1.3572426542171199
1.099,1.3524452117919212
1.1,1.3476477693667217
1.101,1.3428503269415222
1.102,1.3380528845163226
1.103,1.333255442091124
1.104,1.3284579996659236
1.105,1.323660557240725
1.106,1.3188631148155245
1.107,1.314065672390326
1.108,1.3092682299651255
1.109,1.3044707875399268
1.11,1.2996733451147273
1.111,1.2948759026895278
1.112,1.2900784602643283
1.113,1.2852810178391296
1.114,1.2804835754139292
1.115,1.2756861329887306
1.116,1.2708886905635302
1.117,1.2660912481383315
1.118,1.261293805713132
1.119,1.2564963632879325
1.12,1.251698920862733
1.121,1.2469014784375334
1.122,1.2421040360123339
1.123,1.2373065935871352
1.124,1.2325091511619348
1.125,1.2277117087367362
1.1260000000000001,1.2229142663115358
1.127,1.2181168238863371
1.1280000000000001,1.2133193814611376
1.129,1.208521939035938
1.1300000000000001,1.2037244966107385
1.131,1.19892705418554
1.1320000000000001,1.1941296117603395
1.133,1.1893321693351409
1.1340000000000001,1.1845347269099404
1.135,1.1797372844847418
1.1360000000000001,1.1749398420595414
1.137,1.1701423996343427
1.1380000000000001,1.1653449572091432
1.139,1.1605475147839437
1.1400000000000001,1.1557500723587442
1.141,1.1509526299335455
1.1420000000000001,1.146155187508345
1.143,1.1413577450831465
1.1440000000000001,1.136560302657946
1.145,1.1317628602327474
1.1460000000000001,1.1269654178075479
1.147,1.1221679753823484
1.1480000000000001,1.1173705329571488
1.149,1.1125730905319493
1.1500000000000001,1.1077756481067498
1.151,1.1029782056815511
1.1520000000000001,1.0981807632563507
1.153,1.093383320831152
1.1540000000000001,1.0885858784059517
1.155,1.083788435980753
1.1560000000000001,1.0789909935555535
1.157,1.074193551130354
1.1580000000000001,1.0693961087051544
1.159,1.064598666279955
1.16,1.0598012238547563
1.161,1.0550037814295568
1.162,1.0502063390043572
1.163,1.0454088965791577
1.164,1.040611454153959
1.165,1.0358140117287586
1.166,1.03101656930356
1.167,1.0262191268783596
1.168,1.021421684453161
1.169,1.0166242420279614
1.17,1.011826799602762
1.171,1.0070293571775624
1.172,1.0022319147523628
1.173,0.9974344723271633
1.174,0.9926370299019647
1.175,0.9878395874767643
1.176,0.9830421450515656
1.177,0.9782447026263652
1.178,0.9734472602011666
1.179,0.968649817775967
1.18,0.9638523753507675
1.181,0.959054932925568
1.182,0.9542574905003693
1.183,0.9494600480751689
1.184,0.9446626056499703
1.185,0.9398651632247699
1.186,0.9350677207995712
1.187,0.9302702783743708
1.188,0.9254728359491722
1.189,0.9206753935239727
1.19,0.9158779510987731
1.191,0.9110805086735736
1.192,0.906283066248375
1.193,0.9014856238231745
1.194,0.8966881813979759
1.195,0.8918907389727755
1.196,0.8870932965475768
1.197,0.8822958541223773
1.198,0.8774984116971778
1.199,0.8727009692719783
1.2,0.8679035268467787
1.201,0.8631060844215792
1.202,0.8583086419963806
1.203,0.8535111995711802
1.204,0.8487137571459815
1.205,0.8439163147207811
1.206,0.8391188722955825
1.207,0.8343214298703829
1.208,0.8295239874451834
1.209,0.8247265450199839
1.21,0.8199291025947852
1.211,0.8151316601695848
1.212,0.8103342177443862
1.213,0.8055367753191858
1.214,0.8007393328939871
1.215,0.7959418904687867
1.216,0.7911444480435881
1.217,0.7863470056183886
1.218,0.781549563193189
1.219,0.7767521207679895
1.22,0.7719546783427909
1.221,0.7671572359175904
1.222,0.7623597934923918
1.223,0.7575623510671914
1.224,0.7527649086419927
1.2249999999999999,0.7479674662167941
1.226,0.7431700237915937
1.2269999999999999,0.738372581366395
1.228,0.7335751389411946
1.2289999999999999,0.728777696515996
1.23,0.7239802540907965
1.2309999999999999,0.7191828116655969
1.232,0.7143853692403974
1.2329999999999999,0.7095879268151988
1.234,0.7047904843899984
1.2349999999999999,0.6999930419647997
1.236,0.6951955995395993
1.2369999999999999,0.6903981571144007
1.238,0.6856007146892003
1.2389999999999999,0.6808032722640016
1.24,0.6760058298388021
1.2409999999999999,0.6712083874136026
1.242,0.666410944988403
1.2429999999999999,0.6616135025632044
1.244,0.656816060138004
1.2449999999999999,0.6520186177128053
1.246,0.6472211752876049
1.2469999999999999,0.6424237328624063
1.248,0.6376262904372068
1.2489999999999999,0.6328288480120072
1.25,0.6280314055868077
1.251,0.6232339631616082
1.252,0.6184365207364086
1.253,0.61363907831121
1.254,0.6088416358860096
1.255,0.604044193460811
1.256,0.5992467510356105
1.257,0.5944493086104119
1.258,0.5896518661852124
1.259,0.5848544237600128
1.26,0.5800569813348133
1.261,0.5752595389096147
1.262,0.5704620964844143
1.263,0.5656646540592156
1.264,0.5608672116340152
1.265,0.5560697692088166
1.266,0.5512723267836162
1.267,0.5464748843584175
1.268,0.541677441933218
1.269,0.5368799995080185
1.27,0.5320825570828189
1.271,0.5272851146576203
1.272,0.5224876722324199
1.273,0.5176902298072212
1.274,0.5128927873820208
1.275,0.5080953449568222
1.276,0.5032979025316227
1.277,0.4985004601064231
1.278,0.4937030176812236
1.279,0.48890557525602407
1.28,0.48410813283082454
1.281,0.4793106904056259
1.282,0.4745132479804255
1.283,0.46971580555522685
1.284,0.46491836313002644
1.285,0.4601209207048278
1.286,0.45532347827962827
1.287,0.45052603585442874
1.288,0.4457285934292292
1.289,0.4409311510040297
1.29,0.43613370857883016
1.291,0.4313362661536315
1.292,0.4265388237284311
1.293,0.42174138130323247
1.294,0.41694393887803205
1.295,0.4121464964528334
1.296,0.4073490540276339
1.297,0.40255161160243436
1.298,0.39775416917723483
1.299,0.3929567267520362
1.3,0.3881592843268358
1.301,0.38336184190163713
1.302,0.3785643994764367
1.303,0.3737669570512381
1.304,0.36896951462603766
1.305,0.364172072200839
1.306,0.3593746297756395
1.307,0.35457718735043997
1.308,0.34977974492524044
1.309,0.3449823025000418
1.31,0.3401848600748414
1.311,0.33538741764964275
1.312,0.33058997522444233
1.313,0.3257925327992437
1.314,0.32099509037404417
1.315,0.31619764794884464
1.316,0.3114002055236451
1.317,0.3066027630984456
1.318,0.30180532067324606
1.319,0.2970078782480474
1.32,0.292210435822847
1.321,0.28741299339764836
1.322,0.28261555097244795
1.323,0.2778181085472493
1.324,0.2730206661220498
1.325,0.26822322369685025
1.326,0.2634257812716507
1.327,0.2586283388464521
1.328,0.2538308964212517
1.329,0.24903345399605303
1.33,0.24423601157085262
1.331,0.23943856914565398
1.332,0.23464112672045356
1.333,0.22984368429525492
1.334,0.2250462418700554
1.335,0.22024879944485587
1.336,0.21545135701965634
1.337,0.2106539145944577
1.338,0.2058564721692573
1.339,0.20105902974405865
1.34,0.19626158731885823
1.341,0.1914641448936596
1.342,0.18666670246846007
1.343,0.18186926004326054
1.344,0.177071817618061
1.345,0.17227437519286148
1.346,0.16747693276766196
1.347,0.16267949034246332
1.348,0.1578820479172629
1.349,0.15308460549206426
1.35,0.14828716306686385
1.351,0.1434897206416652
1.352,0.13869227821646568
1.353,0.13389483579126615
1.3539999999999999,0.12909739336606751
1.355,0.12429995094086799
1.3559999999999999,0.11950250851566846
1.357,0.11470506609046893
1.3579999999999999,0.1099076236652694
1.359,0.10511018124006988
1.3599999999999999,0.10031273881487124
1.361,0.09551529638967082
1.3619999999999999,0.09071785396447218
1.363,0.08592041153927177
1.3639999999999999,0.08112296911407313
1.365,0.0763255266888736
1.3659999999999999,0.07152808426367407
1.367,0.06673064183847455
1.3679999999999999,0.06193319941327502
1.369,0.05713575698807549
1.3699999999999999,0.05233831456287685
1.371,0.04754087213767644
1.3719999999999999,0.0427434297124778
1.373,0.03794598728727738
1.3739999999999999,0.033148544862078744
1.375,0.028351102436879216
1.376,0.02355366001167969
1.377,0.01875621758648016
1.378,0.013958775161281523
1.379,0.009161332736081107
1.38,0.004363890310882468
1.381,0.0004335521143179477
1.382,0.005230994539516587
1.383,0.010028436964717002
1.384,0.014825879389915642
1.385,0.01962332181511517
1.386,0.024420764240314696
1.387,0.029218206665514224
1.388,0.03401564909071286
1.389,0.03881309151591328
1.39,0.04361053394111192
1.391,0.04840797636631233
1.392,0.05320541879151097
1.393,0.0580028612167105
1.394,0.06280030364191003
1.395,0.06759774606710955
1.396,0.07239518849230908
1.397,0.07719263091750861
1.398,0.08199007334270725
1.399,0.08678751576790766
1.4,0.0915849581931063
1.401,0.09638240061830672
1.402,0.10117984304350536
1.403,0.10597728546870488
1.404,0.11077472789390441
1.405,0.11557217031910394
1.406,0.12036961274430258
1.407,0.125167055169503
1.408,0.12996449759470163
1.409,0.13476194001990205
1.41,0.1395593824451007
1.411,0.1443568248703011
1.412,0.14915426729549974
1.413,0.15395170972069927
1.414,0.1587491521458988
1.415,0.16354659457109832
1.416,0.16834403699629696
1.417,0.17314147942149738
1.418,0.17793892184669602
1.419,0.18273636427189643
1.42,0.18753380669709507
1.421,0.1923312491222946
1.422,0.19712869154749413
1.423,0.20192613397269366
1.424,0.20672357639789318
1.425,0.2115210188230927
1.426,0.21631846124829135
1.427,0.22111590367349176
1.428,0.2259133460986904
1.429,0.23071078852389082
1.43,0.23550823094908946
1.431,0.24030567337428899
1.432,0.2451031157994885
1.433,0.24990055822468804
1.434,0.25469800064988757
1.435,0.2594954430750871
1.436,0.26429288550028573
1.437,0.26909032792548615
1.438,0.2738877703506848
1.439,0.2786852127758852
1.44,0.28348265520108384
1.441,0.28828009762628337
1.442,0.2930775400514829
1.443,0.2978749824766824
1.444,0.30267242490188107
1.445,0.3074698673270815
1.446,0.3122673097522801
1.447,0.31706475217748054
1.448,0.3218621946026792
1.449,0.3266596370278796
1.45,0.33145707945307823
1.451,0.33625452187827776
1.452,0.3410519643034773
1.453,0.3458494067286768
1.454,0.35064684915387545
1.455,0.35544429157907587
1.456,0.3602417340042745
1.457,0.3650391764294749
1.458,0.36983661885467356
1.459,0.3746340612798731
1.46,0.3794315037050726
1.461,0.38422894613027214
1.462,0.38902638855547167
1.463,0.3938238309806712
1.464,0.39862127340586984
1.465,0.40341871583107025
1.466,0.4082161582562689
1.467,0.4130136006814693
1.468,0.41781104310666795
1.469,0.4226084855318675
1.47,0.427405927957067
1.471,0.4322033703822665
1.472,0.43700081280746517
1.473,0.4417982552326656
1.474,0.4465956976578642
1.475,0.45139314008306464
1.476,0.4561905825082633
1.477,0.4609880249334637
1.478,0.46578546735866233
1.479,0.47058290978386186
1.48,0.4753803522090614
1.4809999999999999,0.48017779463426
1.482,0.48497523705945955
1.4829999999999999,0.4897726794846591
1.484,0.4945701219098586
1.4849999999999999,0.49936756433505725
1.486,0.5041650067602577
1.4869999999999999,0.5089624491854563
1.488,0.5137598916106567
1.4889999999999999,0.5185573340358554
1.49,0.5233547764610558
1.4909999999999999,0.5281522188862544
1.492,0.5329496613114539
1.4929999999999999,0.5377471037366535
1.494,0.542544546161853
1.4949999999999999,0.5473419885870516
1.496,0.552139431012252
1.4969999999999999,0.5569368734374507
1.498,0.5617343158626511
1.4989999999999999,0.5665317582878497
1.5,0.5713292007130502
1.501,0.5761266431382488
1.502,0.5809240855634483
1.503,0.5857215279886478
1.504,0.5905189704138474
1.505,0.595316412839046
1.506,0.6001138552642464
1.507,0.6049112976894451
1.508,0.6097087401146455
1.509,0.6145061825398441
1.51,0.6193036249650437
1.511,0.6241010673902432
1.512,0.6288985098154427
1.513,0.6336959522406422
1.514,0.6384933946658418
1.515,0.6432908370910404
1.516,0.6480882795162408
1.517,0.6528857219414395
1.518,0.6576831643666399
1.519,0.6624806067918385
1.52,0.667278049217038
1.521,0.6720754916422376
1.522,0.6768729340674371
1.523,0.6816703764926357
1.524,0.6864678189178361
1.525,0.6912652613430348
1.526,0.6960627037682352
1.527,0.7008601461934338
1.528,0.7056575886186343
1.529,0.7104550310438329
1.53,0.7152524734690324
1.531,0.720049915894232
1.532,0.7248473583194315
1.533,0.7296448007446301
1.534,0.7344422431698305
1.535,0.7392396855950292
1.536,0.7440371280202296
1.537,0.7488345704454282
1.538,0.7536320128706278
1.539,0.7584294552958273
1.54,0.7632268977210268
1.541,0.7680243401462263
1.542,0.7728217825714259
1.543,0.7776192249966245
1.544,0.7824166674218249
1.545,0.7872141098470236
1.546,0.792011552272224
1.547,0.7968089946974226
1.548,0.8016064371226221
1.549,0.8064038795478217
1.55,0.8112013219730212
1.551,0.8159987643982198
1.552,0.8207962068234202
1.553,0.8255936492486189
1.554,0.8303910916738193
1.555,0.8351885340990179
1.556,0.8399859765242184
1.557,0.844783418949417
1.558,0.8495808613746165
1.559,0.854378303799816
1.56,0.8591757462250156
1.561,0.8639731886502142
1.562,0.8687706310754146
1.563,0.8735680735006133
1.564,0.8783655159258137
1.565,0.8831629583510123
1.566,0.8879604007762119
1.567,0.8927578432014114
1.568,0.8975552856266109
1.569,0.9023527280518104
1.57,0.90715017047701
1.571,0.9119476129022086
1.572,0.916745055327409
1.573,0.9215424977526077
1.574,0.9263399401778081
1.575,0.9311373826030067
1.576,0.9359348250282062
1.577,0.9407322674534058
1.578,0.9455297098786053
1.579,0.9503271523038048
1.58,0.9551245947290044
1.581,0.959922037154203
1.582,0.9647194795794034
1.583,0.969516922004602
1.584,0.9743143644298025
1.585,0.9791118068550011
1.586,0.9839092492802006
1.587,0.9887066917054002
1.588,0.9935041341305997
1.589,0.9983015765557983
1.59,1.0030990189809987
1.591,1.0078964614061974
1.592,1.0126939038313978
1.593,1.0174913462565964
1.594,1.0222887886817968
1.595,1.0270862311069955
1.596,1.031883673532195
1.597,1.0366811159573945
1.598,1.041478558382594
1.599,1.0462760008077927
1.6,1.0510734432329931
1.601,1.0558708856581918
1.602,1.0606683280833922
1.603,1.0654657705085908
1.604,1.0702632129337903
1.605,1.0750606553589899
1.606,1.0798580977841894
1.607,1.084655540209389
1.6079999999999999,1.0894529826345876
1.609,1.094250425059787
1.6099999999999999,1.0990478674849866
1.611,1.1038453099101861
1.6119999999999999,1.1086427523353848
1.613,1.1134401947605852
1.6139999999999999,1.1182376371857838
1.615,1.1230350796109843
1.6159999999999999,1.127832522036183
1.617,1.1326299644613824
1.6179999999999999,1.137427406886582
1.619,1.1422248493117815
1.6199999999999999,1.147022291736981
1.621,1.1518197341621805
1.6219999999999999,1.1566171765873792
1.623,1.1614146190125796
1.6239999999999999,1.1662120614377782
1.625,1.1710095038629786
1.626,1.1758069462881773
1.627,1.1806043887133768
1.628,1.1854018311385763
1.629,1.1901992735637759
1.63,1.1949967159889745
1.631,1.199794158414175
1.632,1.2045916008393736
1.633,1.209389043264574
1.634,1.2141864856897726
1.635,1.218983928114973
1.636,1.2237813705401717
1.637,1.2285788129653712
1.638,1.2333762553905707
1.639,1.2381736978157702
1.64,1.2429711402409689
1.641,1.2477685826661693
1.642,1.252566025091368
1.643,1.2573634675165684
1.644,1.262160909941767
1.645,1.2669583523669674
1.646,1.271755794792166
1.647,1.2765532372173656
1.648,1.281350679642565
1.649,1.2861481220677646
1.65,1.2909455644929633
1.651,1.2957430069181637
1.652,1.3005404493433623
1.653,1.3053378917685627
1.654,1.3101353341937614
1.655,1.314932776618961
1.656,1.3197302190441604
1.657,1.32452766146936
1.658,1.3293251038945595
1.659,1.334122546319759
1.66,1.3389199887449577
1.661,1.343717431170158
1.662,1.3485148735953567
1.663,1.3533123160205571
1.664,1.3581097584457558
1.665,1.3629072008709553
1.666,1.3677046432961548
1.667,1.3725020857213543
1.668,1.377299528146553
1.669,1.3820969705717534
1.67,1.386894412996952
1.671,1.3916918554221525
1.672,1.396489297847351
1.673,1.4012867402725515
1.674,1.4060841826977502
1.675,1.4108816251229506
1.676,1.4156790675481492
1.677,1.4204765099733496
1.678,1.4252739523985483
1.679,1.430071394823747
1.68,1.4348688372489473
1.681,1.439666279674146
1.682,1.4444637220993446
1.683,1.449261164524545
1.684,1.4540586069497436
1.685,1.458856049374944
1.686,1.4636534918001427
1.687,1.4684509342253431
1.688,1.4732483766505418
1.689,1.4780458190757422
1.69,1.4828432615009408
1.691,1.4876407039261412
1.692,1.4924381463513399
1.693,1.4972355887765403
1.694,1.502033031201739
1.695,1.5068304736269393
1.696,1.511627916052138
1.697,1.5164253584773366
1.698,1.521222800902537
1.699,1.5260202433277357
1.7,1.530817685752936
1.701,1.5356151281781347
1.702,1.5404125706033334
1.703,1.5452100130285338
1.704,1.5500074554537324
1.705,1.5548048978789328
1.706,1.5596023403041315
1.707,1.564399782729332
1.708,1.5691972251545305
1.709,1.573994667579731
1.71,1.5787921100049296
1.711,1.58358955243013
1.712,1.5883869948553286
1.713,1.593184437280529
1.714,1.5979818797057277
1.715,1.602779322130928
1.716,1.6075767645561267
1.717,1.6123742069813254
1.718,1.6171716494065258
1.719,1.6219690918317244
1.72,1.626766534256923
1.721,1.6315639766821235
1.722,1.6363614191073221
1.723,1.6411588615325226
1.724,1.6459563039577212
1.725,1.6507537463829216
1.726,1.6555511888081202
1.727,1.652068587309726
1.728,1.6472711448845274
1.729,1.642473702459327
1.73,1.6376762600341284
1.731,1.632878817608928
1.732,1.6280813751837293
1.733,1.623283932758529
1.734,1.6184864903333303
1.735,1.6136890479081316
1.736,1.6088916054829312
1.7369999999999999,1.6040941630577326
1.738,1.5992967206325321
1.7389999999999999,1.5944992782073335
1.74,1.5897018357821349
1.7409999999999999,1.5849043933569344
1.742,1.5801069509317358
1.7429999999999999,1.5753095085065372
1.744,1.5705120660813368
1.7449999999999999,1.5657146236561381
1.746,1.5609171812309377
1.7469999999999999,1.556119738805739
1.748,1.5513222963805386
1.7489999999999999,1.54652485395534
1.75,1.5417274115301396
1.751,1.536929969104941
1.752,1.5321325266797405
1.753,1.527335084254542
1.754,1.5225376418293415
1.755,1.5177401994041428
1.756,1.5129427569789424
1.757,1.5081453145537438
1.758,1.5033478721285451
1.759,1.4985504297033447
1.76,1.493752987278146
1.761,1.4889555448529475
1.762,1.484158102427747
1.763,1.4793606600025484
1.764,1.474563217577348
1.765,1.4697657751521493
1.766,1.464968332726949
1.767,1.4601708903017503
1.768,1.4553734478765499
1.769,1.4505760054513512
1.77,1.4457785630261508
1.771,1.4409811206009522
1.772,1.4361836781757518
1.773,1.4313862357505531
1.774,1.4265887933253527
1.775,1.421791350900154
1.776,1.4169939084749554
1.777,1.412196466049755
1.778,1.4073990236245564
1.779,1.402601581199356
1.78,1.3978041387741573
1.781,1.3930066963489587
1.782,1.3882092539237583
1.783,1.3834118114985596
1.784,1.3786143690733592
1.785,1.3738169266481606
1.786,1.3690194842229602
1.787,1.3642220417977615
1.788,1.359424599372561
1.789,1.3546271569473625
1.79,1.349829714522162
1.791,1.3450322720969634
1.792,1.340234829671763
1.793,1.3354373872465644
1.794,1.330639944821364
1.795,1.3258425023961653
1.796,1.3210450599709667
1.797,1.3162476175457662
1.798,1.3114501751205676
1.799,1.306652732695369
1.8,1.3018552902701686
1.801,1.29705784784497
1.802,1.2922604054197695
1.803,1.2874629629945709
1.804,1.2826655205693704
1.805,1.2778680781441718
1.806,1.2730706357189714
1.807,1.2682731932937727
1.808,1.2634757508685723
1.809,1.2586783084433737
1.81,1.2538808660181733
1.811,1.2490834235929746
1.812,1.2442859811677742
1.813,1.2394885387425756
1.814,1.234691096317377
1.815,1.2298936538921765
1.816,1.225096211466978
1.817,1.2202987690417775
1.818,1.2155013266165788
1.819,1.2107038841913802
1.82,1.2059064417661798
1.821,1.2011089993409811
1.822,1.1963115569157807
1.823,1.191514114490582
1.824,1.1867166720653817
1.825,1.181919229640183
1.826,1.1771217872149826
1.827,1.172324344789784
1.828,1.1675269023645836
1.829,1.162729459939385
1.83,1.1579320175141845
1.831,1.1531345750889859
1.832,1.1483371326637855
1.833,1.1435396902385868
1.834,1.1387422478133882
1.835,1.1339448053881878
1.836,1.1291473629629891
1.837,1.1243499205377905
1.838,1.11955247811259
1.839,1.1147550356873914
1.84,1.109957593262191
1.841,1.1051601508369924
1.842,1.100362708411792
1.843,1.0955652659865933
1.844,1.090767823561393
1.845,1.0859703811361943
1.846,1.0811729387109938
1.847,1.0763754962857952
1.848,1.0715780538605948
1.849,1.0667806114353962
1.85,1.0619831690101957
1.851,1.057185726584997
1.852,1.0523882841597985
1.853,1.047590841734598
1.854,1.0427933993093994
1.855,1.0379959568842008
1.856,1.0331985144590004
1.857,1.0284010720338017
1.858,1.0236036296086013
1.859,1.0188061871834027
1.86,1.0140087447582022
1.861,1.0092113023330036
1.862,1.0044138599078032
1.863,0.9996164174826045
1.864,0.9948189750574041
1.865,0.9900215326322055
1.8659999999999999,0.9852240902070069
1.867,0.9804266477818064
1.8679999999999999,0.9756292053566078
1.869,0.9708317629314074
1.8699999999999999,0.9660343205062087
1.871,0.9612368780810083
1.8719999999999999,0.9564394356558097
1.873,0.9516419932306093
1.8739999999999999,0.9468445508054106
1.875,0.942047108380212
1.876,0.9372496659550116
1.877,0.9324522235298129
1.878,0.9276547811046143
1.879,0.9228573386794139
1.88,0.9180598962542152
1.881,0.9132624538290148
1.882,0.9084650114038162
1.883,0.9036675689786158
1.884,0.8988701265534171
1.885,0.8940726841282167
1.886,0.8892752417030181
1.887,0.8844777992778177
1.888,0.879680356852619
1.889,0.8748829144274186
1.89,0.87008547200222
1.891,0.8652880295770196
1.892,0.8604905871518209
1.893,0.8556931447266223
1.894,0.8508957023014219
1.895,0.8460982598762232
1.896,0.8413008174510228
1.897,0.8365033750258242
1.898,0.8317059326006255
1.899,0.8269084901754251
1.9,0.8221110477502265
1.901,0.8173136053250261
1.902,0.8125161628998274
1.903,0.807718720474627
1.904,0.8029212780494284
1.905,0.798123835624228
1.906,0.7933263931990293
1.907,0.7885289507738289
1.908,0.7837315083486303
1.909,0.7789340659234298
1.91,0.7741366234982312
1.911,0.7693391810730308
1.912,0.7645417386478321
1.913,0.7597442962226335
1.914,0.7549468537974331
1.915,0.7501494113722345
1.916,0.7453519689470358
1.917,0.7405545265218354
1.918,0.7357570840966368
1.919,0.7309596416714363
1.92,0.7261621992462377
1.921,0.7213647568210373
1.922,0.7165673143958387
1.923,0.7117698719706382
1.924,0.7069724295454396
1.925,0.7021749871202392
1.926,0.6973775446950405
1.927,0.6925801022698401
1.928,0.6877826598446415
1.929,0.6829852174194411
1.93,0.6781877749942424
1.931,0.6733903325690438
1.932,0.6685928901438434
1.933,0.6637954477186447
1.934,0.6589980052934443
1.935,0.6542005628682457
1.936,0.649403120443047
1.937,0.6446056780178466
1.938,0.639808235592648
1.939,0.6350107931674476
1.94,0.6302133507422489
1.941,0.6254159083170485
1.942,0.6206184658918499
1.943,0.6158210234666495
1.944,0.6110235810414508
1.945,0.6062261386162504
1.946,0.6014286961910518
1.947,0.5966312537658514
1.948,0.5918338113406527
1.949,0.5870363689154523
1.95,0.5822389264902537
1.951,0.577441484065055
1.952,0.5726440416398546
1.953,0.567846599214656
1.954,0.5630491567894573
1.955,0.5582517143642569
1.956,0.5534542719390583
1.957,0.5486568295138579
1.958,0.5438593870886592
1.959,0.5390619446634588
1.96,0.5342645022382602
1.961,0.5294670598130597
1.962,0.5246696173878611
1.963,0.5198721749626607
1.964,0.515074732537462
1.965,0.5102772901122616
1.966,0.505479847687063
1.967,0.5006824052618626
1.968,0.49588496283666395
1.969,0.4910875204114653
1.97,0.4862900779862649
1.971,0.48149263556106625
1.972,0.4766951931358676
1.973,0.4718977507106672
1.974,0.46710030828546856
1.975,0.46230286586026814
1.976,0.4575054234350695
1.977,0.4527079810098691
1.978,0.44791053858467045
1.979,0.44311309615947003
1.98,0.4383156537342714
1.981,0.433518211309071
1.982,0.42872076888387234
1.983,0.4239233264586719
1.984,0.4191258840334733
1.985,0.41432844160827287
1.986,0.40953099918307423
1.987,0.4047335567578756
1.988,0.3999361143326752
1.989,0.39513867190747654
1.99,0.3903412294822761
1.991,0.3855437870570775
1.992,0.38074634463187884
1.9929999999999999,0.3759489022066784
1.994,0.3711514597814798
1.9949999999999999,0.36635401735628115
1.996,0.36155657493108073
1.9969999999999999,0.3567591325058821
1.998,0.3519616900806817
1.9989999999999999,0.34716424765548304
2.0,0.3423668052302826
2.001,0.337569362805084
2.0020000000000002,0.33277192037988357
2.003,0.32797447795468315
2.004,0.3231770355294845
2.005,0.3183795931042859
2.0060000000000002,0.31358215067908546
2.007,0.3087847082538868
2.008,0.3039872658286864
2.009,0.29918982340348776
2.0100000000000002,0.29439238097828735
2.011,0.2895949385530887
2.012,0.28479749612789007
2.013,0.28000005370268966
2.0140000000000002,0.27520261127748924
2.015,0.2704051688522906
2.016,0.26560772642709196
2.017,0.2608102840018933
2.0180000000000002,0.25601284157669113
2.019,0.2512153991514925
2.02,0.24641795672629385
2.021,0.2416205143010952
2.0220000000000002,0.2368230718758948
2.023,0.23202562945069438
2.024,0.22722818702549574
2.025,0.2224307446002971
2.0260000000000002,0.2176333021750967
2.027,0.21283585974989805
2.028,0.20803841732469763
2.029,0.203240974899499
2.0300000000000002,0.19844353247429858
2.031,0.19364609004909994
2.032,0.1888486476239013
2.033,0.18405120519870266
2.0340000000000003,0.17925376277350047
2.035,0.17445632034830183
2.036,0.1696588779231032
2.037,0.16486143549790455
2.0380000000000003,0.16006399307270236
2.039,0.15526655064750372
2.04,0.15046910822230508
2.041,0.14567166579710644
2.0420000000000003,0.14087422337190603
2.043,0.1360767809467056
2.044,0.13127933852150697
2.045,0.12648189609630833
2.0460000000000003,0.12168445367110792
2.047,0.11688701124590928
2.048,0.11208956882071064
2.049,0.10729212639551022
2.0500000000000003,0.10249468397030981
2.051,0.09769724154511117
2.052,0.09289979911991253
2.053,0.08810235669471389
2.0540000000000003,0.0833049142695117
2.055,0.07850747184431306
2.056,0.07371002941911442
2.057,0.06891258699391578
2.0580000000000003,0.06411514456871359
2.059,0.05931770214351495
2.06,0.05452025971831631
2.061,0.04972281729311767
2.0620000000000003,0.044925374867917256
2.063,0.04012793244271862
2.064,0.0353304900175182
2.065,0.030533047592319562
2.0660000000000003,0.025735605167119147
2.067,0.020938162741920507
2.068,0.016140720316721868
2.069,0.011343277891521453
2.0700000000000003,0.006545835466321037
2.071,0.001748393041122398
2.072,0.003049049384076241
2.073,0.00784649180927488
2.0740000000000003,0.012643934234477072
2.075,0.01744137665967571
2.076,0.02223881908487435
2.077,0.02703626151007299
2.0780000000000003,0.031833703935273405
2.079,0.03663114636047382
2.08,0.04142858878567246
2.081,0.0462260312108711
2.0820000000000003,0.051023473636071515
2.083,0.055820916061270154
2.084,0.06061835848647057
2.085,0.06541580091166921
2.0860000000000003,0.07021324333686962
2.087,0.07501068576206826
2.088,0.0798081281872669
2.089,0.08460557061246554
2.0900000000000003,0.08940301303766773
2.091,0.09420045546286637
2.092,0.09899789788806501
2.093,0.10379534031326365
2.0940000000000003,0.10859278273846584
2.095,0.11339022516366448
2.096,0.11818766758886312
2.097,0.12298511001406176
2.0980000000000003,0.12778255243926218
2.099,0.1325799948644626
2.1,0.13737743728966123
2.101,0.14217487971485987
2.1020000000000003,0.14697232214006029
2.103,0.15176976456525892
2.104,0.15656720699045756
2.105,0.16136464941565798
2.1060000000000003,0.1661620918408584
2.107,0.17095953426605703
2.108,0.17575697669125567
2.109,0.1805544191164543
2.1100000000000003,0.1853518615416565
2.111,0.19014930396685514
2.112,0.19494674639205378
2.113,0.19974418881725242
2.1140000000000003,0.2045416312424546
2.115,0.20933907366765325
2.116,0.2141365160928519
2.117,0.21893395851805053
2.1180000000000003,0.22373140094325095
2.119,0.22852884336844959
2.12,0.23332628579365
2.121,0.23812372821884864
2.122,0.24292117064404728
2.123,0.2477186130692477
2.124,0.25251605549444633
2.125,0.25731349791964675
2.126,0.2621109403448454
2.1270000000000002,0.2669083827700458
2.128,0.27170582519524444
2.129,0.2765032676204431
2.13,0.2813007100456417
2.1310000000000002,0.2860981524708439
2.132,0.29089559489604255
2.133,0.2956930373212412
2.134,0.30049047974643983
2.1350000000000002,0.305287922171642
2.136,0.31008536459684066
2.137,0.3148828070220393
2.138,0.31968024944723794
2.1390000000000002,0.32447769187243836
2.14,0.32927513429763877
2.141,0.3340725767228374
2.142,0.33887001914803605
2.1430000000000002,0.34366746157323647
2.144,0.3484649039984351
2.145,0.3532623464236355
2.146,0.35805978884883416
2.1470000000000002,0.3628572312740346
2.148,0.3676546736992332
2.149,0.37245211612443185
2.15,0.3772495585496305
2.1510000000000002,0.3820470009748327
2.152,0.3868444434000313
2.153,0.39164188582522996
2.154,0.3964393282504286
2.1550000000000002,0.4012367706756308
2.156,0.40603421310082943
2.157,0.4108316555260281
2.158,0.4156290979512267
2.1590000000000003,0.4204265403764271
2.16,0.42522398280162754
2.161,0.4300214252268262
2.162,0.4348188676520248
2.1630000000000003,0.43961631007722524
2.164,0.4444137525024239
2.165,0.4492111949276225
2.166,0.45400863735282293
2.1670000000000003,0.45880607977802335
2.168,0.463603522203222
2.169,0.4684009646284206
2.17,0.47319840705361926
2.1710000000000003,0.47799584947882146
2.172,0.4827932919040201
2.173,0.48759073432921873
2.174,0.4923881767544174
2.1750000000000003,0.49718561917961956
2.176,0.5019830616048182
2.177,0.5067805040300168
2.178,0.5115779464552155
2.1790000000000003,0.5163753888804159
2.18,0.5211728313056145
2.181,0.525970273730815
2.182,0.5307677161560136
2.1830000000000003,0.535565158581214
2.184,0.5403626010064126
2.185,0.5451600434316113
2.186,0.5499574858568117
2.1870000000000003,0.5547549282820121
2.188,0.5595523707072108
2.189,0.5643498131324094
2.19,0.569147255557608
2.1910000000000003,0.5739446979828102
2.192,0.5787421404080089
2.193,0.5835395828332075
2.194,0.5883370252584061
2.1950000000000003,0.5931344676836066
2.196,0.597931910108807
2.197,0.6027293525340056
2.198,0.6075267949592043
2.1990000000000003,0.6123242373844047
2.2,0.6171216798096033
2.201,0.6219191222348037
2.2020000000000004,0.6267165646600041
2.2030000000000003,0.6315140070852028
2.204,0.6363114495104014
2.205,0.6411088919356001
2.2060000000000004,0.6459063343608022
2.2070000000000003,0.6507037767860009
2.208,0.6555012192111995
2.209,0.6602986616363982
2.2100000000000004,0.6650961040615986
2.2110000000000003,0.669893546486799
2.212,0.6746909889119976
2.213,0.6794884313371963
2.2140000000000004,0.6842858737623967
2.2150000000000003,0.6890833161875953
2.216,0.6938807586127957
2.217,0.6986782010379944
2.2180000000000004,0.7034756434631948
2.2190000000000003,0.7082730858883934
2.22,0.7130705283135921
2.221,0.7178679707387907
2.2220000000000004,0.7226654131639929
2.2230000000000003,0.7274628555891915
2.224,0.7322602980143902
2.225,0.7370577404395888
2.2260000000000004,0.741855182864791
2.2270000000000003,0.7466526252899897
2.228,0.7514500677151883
2.229,0.7562475101403869
2.2300000000000004,0.7610449525655874
2.2310000000000003,0.7658423949907878
2.232,0.7706398374159864
2.233,0.775437279841185
2.2340000000000004,0.7802347222663855
2.2350000000000003,0.7850321646915841
2.236,0.7898296071167827
2.237,0.7946270495419832
2.2380000000000004,0.7994244919671836
2.2390000000000003,0.8042219343923822
2.24,0.8090193768175808
2.241,0.8138168192427795
2.2420000000000004,0.8186142616679817
2.2430000000000003,0.8234117040931803
2.244,0.828209146518379
2.245,0.8330065889435776
2.2460000000000004,0.8378040313687798
2.2470000000000003,0.8426014737939784
2.248,0.8473989162191771
2.249,0.8521963586443757
2.25,0.8569938010695743
2.2510000000000003,0.8617912434947748
2.2520000000000002,0.8665886859199752
2.253,0.8713861283451738
2.254,0.8761835707703725
2.2550000000000003,0.8809810131955729
2.2560000000000002,0.8857784556207715
2.257,0.8905758980459719
2.258,0.8953733404711706
2.2590000000000003,0.900170782896371
2.2600000000000002,0.9049682253215696
2.261,0.9097656677467683
2.262,0.9145631101719669
2.2630000000000003,0.9193605525971691
2.2640000000000002,0.9241579950223677
2.265,0.9289554374475664
2.266,0.933752879872765
2.2670000000000003,0.9385503222979672
2.2680000000000002,0.9433477647231658
2.269,0.9481452071483645
2.27,0.9529426495735631
2.2710000000000004,0.9577400919987635
2.2720000000000002,0.962537534423964
2.273,0.9673349768491626
2.274,0.9721324192743612
2.2750000000000004,0.9769298616995616
2.2760000000000002,0.9817273041247603
2.277,0.9865247465499589
2.278,0.9913221889751593
2.2790000000000004,0.9961196314003598
2.2800000000000002,1.0009170738255584
2.281,1.005714516250757
2.282,1.0105119586759557
2.2830000000000004,1.0153094011011579
2.2840000000000003,1.0201068435263565
2.285,1.0249042859515551
2.286,1.0297017283767538
2.2870000000000004,1.034499170801956
2.2880000000000003,1.0392966132271546
2.289,1.0440940556523532
2.29,1.0488914980775519
2.2910000000000004,1.0536889405027523
2.2920000000000003,1.058486382927951
2.293,1.0632838253531514
2.294,1.06808126777835
2.2950000000000004,1.0728787102035504
2.2960000000000003,1.077676152628749
2.297,1.0824735950539477
2.298,1.087271037479148
2.2990000000000004,1.0920684799043485
2.3000000000000003,1.0968659223295472
2.301,1.1016633647547458
2.302,1.1064608071799444
2.3030000000000004,1.1112582496051466
2.3040000000000003,1.1160556920303453
2.305,1.120853134455544
2.306,1.1256505768807425
2.3070000000000004,1.130448019305943
2.3080000000000003,1.1352454617311434
2.309,1.140042904156342
2.31,1.1448403465815407
2.3110000000000004,1.149637789006741
2.3120000000000003,1.1544352314319397
2.313,1.1592326738571401
2.314,1.1640301162823388
2.3150000000000004,1.1688275587075392
2.3160000000000003,1.1736250011327378
2.317,1.1784224435579365
2.318,1.1832198859831369
2.3190000000000004,1.1880173284083373
2.3200000000000003,1.192814770833536
2.321,1.1976122132587346
2.322,1.2024096556839332
2.3230000000000004,1.2072070981091354
2.3240000000000003,1.212004540534334
2.325,1.2168019829595327
2.326,1.2215994253847313
2.3270000000000004,1.2263968678099317
2.3280000000000003,1.2311943102351321
2.329,1.2359917526603308
2.33,1.2407891950855294
2.3310000000000004,1.2455866375107298
2.3320000000000003,1.2503840799359285
2.333,1.255181522361129
2.334,1.2599789647863275
2.3350000000000004,1.264776407211528
2.3360000000000003,1.2695738496367266
2.337,1.2743712920619252
2.338,1.2791687344871239
2.3390000000000004,1.283966176912326
2.3400000000000003,1.2887636193375247
2.341,1.2935610617627233
2.342,1.298358504187922
2.3430000000000004,1.3031559466131242
2.3440000000000003,1.3079533890383228
2.345,1.3127508314635215
2.346,1.31754827388872
2.3470000000000004,1.3223457163139205
2.3480000000000003,1.327143158739121
2.349,1.3319406011643196
2.35,1.3367380435895182
2.3510000000000004,1.3415354860147186
2.3520000000000003,1.3463329284399173
2.353,1.351130370865116
2.354,1.3559278132903163
2.3550000000000004,1.3607252557155167
2.3560000000000003,1.3655226981407154
2.357,1.370320140565914
2.358,1.3751175829911126
2.3590000000000004,1.3799150254163148
2.3600000000000003,1.3847124678415135
2.361,1.3895099102667121
2.362,1.3943073526919108
2.3630000000000004,1.399104795117113
2.3640000000000003,1.4039022375423116
2.365,1.4086996799675102
2.366,1.4134971223927089
2.3670000000000004,1.4182945648179093
2.3680000000000003,1.423092007243108
2.369,1.4278894496683083
2.37,1.432686892093507
2.3710000000000004,1.4374843345187074
2.3720000000000003,1.442281776943906
2.373,1.4470792193691047
2.374,1.451876661794305
2.3750000000000004,1.4566741042195055
2.3760000000000003,1.4614715466447041
2.3770000000000002,1.4662689890699028
2.378,1.4710664314951014
2.379,1.4758638739203
2.3800000000000003,1.4806613163455022
2.3810000000000002,1.4854587587707009
2.382,1.4902562011958995
2.383,1.4950536436210982
2.3840000000000003,1.4998510860463004
2.3850000000000002,1.504648528471499
2.386,1.5094459708966976
2.387,1.5142434133218963
2.3880000000000003,1.5190408557470967
2.3890000000000002,1.523838298172297
2.39,1.5286357405974957
2.391,1.5334331830226944
2.3920000000000003,1.5382306254478948
2.3930000000000002,1.5430280678730934
2.394,1.547825510298292
2.395,1.5526229527234925
2.3960000000000004,1.557420395148693
2.3970000000000002,1.5622178375738915
2.398,1.5670152799990902
2.399,1.5718127224242888
2.4000000000000004,1.576610164849491
2.4010000000000002,1.5814076072746897
2.402,1.5862050496998883
2.403,1.591002492125087
2.4040000000000004,1.5957999345502891
2.4050000000000002,1.6005973769754878
2.406,1.6053948194006864
2.407,1.610192261825885
2.4080000000000004,1.6149897042510855
2.4090000000000003,1.619787146676284
2.41,1.6245845891014845
2.411,1.6293820315266831
2.4120000000000004,1.6341794739518836
2.4130000000000003,1.6389769163770822
2.414,1.6437743588022808
2.415,1.6485718012274813
2.4160000000000004,1.6533692436526817
2.4170000000000003,1.6542505324651664
2.418,1.6494530900399678
2.419,1.6446556476147691
2.4200000000000004,1.639858205189567
2.4210000000000003,1.6350607627643683
2.422,1.6302633203391697
2.423,1.625465877913971
2.4240000000000004,1.6206684354887706
2.4250000000000003,1.6158709930635702
2.426,1.6110735506383715
2.427,1.606276108213173
2.4280000000000004,1.6014786657879725
2.4290000000000003,1.5966812233627738
2.43,1.5918837809375734
2.431,1.5870863385123748
2.4320000000000004,1.5822888960871744
2.4330000000000003,1.5774914536619757
2.434,1.572694011236777
2.435,1.5678965688115767
2.4360000000000004,1.5630991263863763
2.4370000000000003,1.5583016839611776
2.438,1.553504241535979
2.439,1.5487067991107804
2.4400000000000004,1.5439093566855782
2.4410000000000003,1.5391119142603795
2.442,1.5343144718351809
2.443,1.5295170294099822
2.4440000000000004,1.5247195869847818
2.4450000000000003,1.5199221445595814
2.446,1.5151247021343828
2.447,1.5103272597091841
2.4480000000000004,1.5055298172839837
2.4490000000000003,1.500732374858785
2.45,1.4959349324335847
2.451,1.491137490008386
2.4520000000000004,1.4863400475831856
2.4530000000000003,1.481542605157987
2.454,1.4767451627327883
2.455,1.4719477203075897
2.4560000000000004,1.4671502778823875
2.4570000000000003,1.4623528354571889
2.458,1.4575553930319902
2.459,1.4527579506067916
2.4600000000000004,1.4479605081815894
2.4610000000000003,1.4431630657563908
2.462,1.4383656233311921
2.463,1.4335681809059935
2.4640000000000004,1.428770738480793
2.4650000000000003,1.4239732960555926
2.466,1.419175853630394
2.467,1.4143784112051954
2.4680000000000004,1.409580968779995
2.4690000000000003,1.4047835263547963
2.47,1.3999860839295977
2.471,1.3951886415043973
2.4720000000000004,1.3903911990791968
2.4730000000000003,1.3855937566539982
2.474,1.3807963142287996
2.475,1.375998871803601
2.4760000000000004,1.3712014293783987
2.4770000000000003,1.3664039869532
2.478,1.3616065445280015
2.479,1.3568091021028028
2.4800000000000004,1.3520116596776006
2.4810000000000003,1.347214217252402
2.482,1.3424167748272033
2.483,1.3376193324020047
2.4840000000000004,1.3328218899768043
2.4850000000000003,1.3280244475516056
2.486,1.3232270051264052
2.487,1.3184295627012066
2.4880000000000004,1.3136321202760062
2.4890000000000003,1.3088346778508075
2.49,1.304037235425609
2.491,1.2992397930004085
2.4920000000000004,1.294442350575208
2.4930000000000003,1.2896449081500094
2.494,1.2848474657248108
2.495,1.2800500232996121
2.4960000000000004,1.27525258087441
2.4970000000000003,1.2704551384492113
2.498,1.2656576960240127
2.499,1.260860253598814
2.5000000000000004,1.2560628111736136
2.5010000000000003,1.2512653687484132
2.5020000000000002,1.2464679263232146
2.503,1.241670483898016
2.5040000000000004,1.2368730414728155
2.5050000000000003,1.2320755990476169
2.5060000000000002,1.2272781566224165
2.507,1.2224807141972178
2.508,1.2176832717720192
2.5090000000000003,1.2128858293468188
2.5100000000000002,1.2080883869216201
2.511,1.2032909444964215
2.512,1.198493502071221
2.5130000000000003,1.1936960596460207
2.5140000000000002,1.188898617220822
2.515,1.1841011747956234
2.516,1.1793037323704247
2.5170000000000003,1.1745062899452225
2.5180000000000002,1.169708847520024
2.519,1.1649114050948253
2.52,1.1601139626696266
2.5210000000000004,1.1553165202444244
2.5220000000000002,1.1505190778192258
2.523,1.1457216353940272
2.524,1.1409241929688285
2.5250000000000004,1.136126750543628
2.5260000000000002,1.1313293081184295
2.527,1.126531865693229
2.528,1.1217344232680304
2.5290000000000004,1.11693698084283
2.5300000000000002,1.1121395384176314
2.531,1.1073420959924327
2.532,1.1025446535672323
2.5330000000000004,1.0977472111420319
2.5340000000000003,1.0929497687168332
2.535,1.0881523262916346
2.536,1.083354883866436
2.5370000000000004,1.0785574414412338
2.5380000000000003,1.0737599990160351
2.539,1.0689625565908365
2.54,1.0641651141656379
2.5410000000000004,1.0593676717404374
2.5420000000000003,1.054570229315237
2.543,1.0497727868900384
2.544,1.0449753444648398
2.5450000000000004,1.0401779020396393
2.5460000000000003,1.0353804596144407
2.547,1.0305830171892403
2.548,1.0257855747640416
2.5490000000000004,1.0209881323388412
2.5500000000000003,1.0161906899136426
2.551,1.011393247488444
2.552,1.0065958050632453
2.5530000000000004,1.0017983626380431
2.5540000000000003,0.9970009202128445
2.555,0.9922034777876458
2.556,0.9874060353624472
2.5570000000000004,0.982608592937245
2.5580000000000003,0.9778111505120464
2.559,0.9730137080868477
2.56,0.9682162656616491
2.5610000000000004,0.9634188232364487
2.5620000000000003,0.9586213808112483
2.563,0.9538239383860496
2.564,0.949026495960851
2.5650000000000004,0.9442290535356506
2.5660000000000003,0.9394316111104519
2.567,0.9346341686852533
2.568,0.9298367262600529
2.5690000000000004,0.9250392838348525
2.5700000000000003,0.9202418414096538
2.571,0.9154443989844552
2.572,0.9106469565592565
2.5730000000000004,0.9058495141340543
2.5740000000000003,0.9010520717088557
2.575,0.8962546292836571
2.576,0.8914571868584584
2.5770000000000004,0.8866597444332562
2.5780000000000003,0.8818623020080576
2.579,0.877064859582859
2.58,0.8722674171576603
2.5810000000000004,0.8674699747324599
2.5820000000000003,0.8626725323072613
2.583,0.8578750898820608
2.584,0.8530776474568622
2.5850000000000004,0.8482802050316618
2.5860000000000003,0.8434827626064632
2.587,0.8386853201812645
2.588,0.8338878777560641
2.5890000000000004,0.8290904353308637
2.5900000000000003,0.824292992905665
2.591,0.8194955504804664
2.592,0.8146981080552678
2.5930000000000004,0.8099006656300656
2.5940000000000003,0.8051032232048669
2.595,0.8003057807796683
2.596,0.7955083383544697
2.5970000000000004,0.7907108959292692
2.5980000000000003,0.7859134535040688
2.599,0.7811160110788702
2.6,0.7763185686536715
